Timestamp,gravityX,gravityY,gravityZ,accelerationX,accelerationY,accelerationZ,rotationRateX,rotationRateY,rotationRateZ,attitudeRoll,attitudePitch,attitudeYaw
1687101949.0058808,0.9489258527755737,0.26723164319992065,-0.16771036386489868,-0.0008058547973632812,0.06386879086494446,0.05777086317539215,-0.13496133685112,-0.004264229442924261,0.1208452582359314,1.3958657148446425,-0.2705190622259451,1.539475739731567
1687101949.1301699,0.9495511651039124,0.26608648896217346,-0.1659831553697586,0.011187911033630371,0.09428030252456665,0.025877058506011963,0.08878551423549652,0.06615284085273743,-0.0432480052113533,1.397743072101337,-0.2693308793335913,1.5425039310224435
1687101949.135834,0.9487813711166382,0.27052634954452515,-0.16318441927433014,-0.019185543060302734,0.07192659378051758,0.02817477285861969,0.2417234629392624,0.12638118863105774,-0.18527723848819733,1.4004691034694727,-0.27393973900232493,1.5320064341379624
1687101949.188879,0.9465821385383606,0.28010833263397217,-0.1597544401884079,-0.015002608299255371,0.05476105213165283,0.011256039142608643,0.31796661019325256,0.15008319914340973,-0.2543656826019287,1.4036020932196531,-0.2839069487119194,1.51547007323378
1687101949.2039618,0.9436953663825989,0.2903791666030884,-0.15848980844020844,-0.0032962560653686523,0.03554853796958923,-0.0032227039337158203,0.3717898428440094,0.11009542644023895,-0.2904431223869324,1.404403205383153,-0.2946230411126966,1.4952345014720552
1687101949.206987,0.9396312832832336,0.30271291732788086,-0.15955479443073273,0.0031633973121643066,0.006613194942474365,0.00045146048069000244,0.29157596826553345,0.061134807765483856,-0.3465441167354584,1.4025949709329246,-0.30753783865458467,1.4748879341607535
1687101949.273735,0.9343031048774719,0.3182145953178406,-0.16067716479301453,0.011879146099090576,-0.023994624614715576,-0.00010454654693603516,0.10509103536605835,0.026756856590509415,-0.3756057322025299,1.4004868608231924,-0.32384558647220474,1.4612754516622304
1687101949.3990521,0.9283130764961243,0.33524832129478455,-0.16075846552848816,0.019501805305480957,-0.038388609886169434,-0.0024494528770446777,0.018666669726371765,0.01002767775207758,-0.3616514205932617,1.399324235174575,-0.3418687857153424,1.4553612297352074
1687101949.417492,0.9226869940757751,0.3504071533679962,-0.1608211249113083,0.019054889678955078,-0.048206865787506104,-0.006567716598510742,0.09021648019552231,0.0195788387209177,-0.2949880361557007,1.3982333187016363,-0.35800579052799436,1.449660162244876
1687101949.527965,0.918525755405426,0.36071738600730896,-0.16184400022029877,0.016181886196136475,-0.06724512577056885,-0.0018979310989379883,0.13995134830474854,0.02537057362496853,-0.18954050540924072,1.3963868047853056,-0.3690369587726536,1.4410254017283686
1687101949.5329509,0.9164083003997803,0.3654913306236267,-0.16313046216964722,0.0155678391456604,-0.07917547225952148,0.0027454644441604614,0.08962851762771606,0.018308669328689575,-0.05583301931619644,1.3946309474077223,-0.37416061146682833,1.4334848483079485
1687101949.537154,0.917363703250885,0.36294281482696533,-0.16345082223415375,0.009745001792907715,-0.07395660877227783,-0.0003979206085205078,0.039297591894865036,0.013676049187779427,0.0926826000213623,1.3944721608224275,-0.37142413164663374,1.4307376836001229
1687101949.699974,0.9208205342292786,0.35389935970306396,-0.1638432890176773,0.00605928897857666,-0.048082709312438965,-0.005193471908569336,0.07899370789527893,0.014244421385228634,0.2110026478767395,1.394707364598968,-0.3617370012325235,1.4290877863402638
1687101949.8492231,0.9255660772323608,0.34074509143829346,-0.1649852693080902,0.0017257928848266602,-0.03225815296173096,-0.0009233951568603516,0.02961210161447525,-0.021266542375087738,0.28193292021751404,1.3943957140998124,-0.34770929799473554,1.4280447441888469
1687101949.868721,0.9304239153862,0.3265553414821625,-0.16635142266750336,0.0075337886810302734,-0.010927319526672363,0.0012819766998291016,-0.04082723334431648,-0.049682095646858215,0.3142911195755005,1.3938746905077082,-0.33265682418154513,1.431261732793556
1687101949.8718061,0.934809684753418,0.3129231035709381,-0.16795723140239716,0.008488476276397705,0.00949510931968689,0.0027962476015090942,-0.08794248849153519,-0.058800600469112396,0.2771899998188019,1.3930230803589896,-0.3182691403689941,1.4370664372435555
1687101949.9331641,0.9379462003707886,0.3023841977119446,-0.16976697742938995,0.0014764666557312012,0.021361589431762695,-0.0035727769136428833,-0.09042689949274063,-0.06991514563560486,0.20695464313030243,1.3917362575486738,-0.30719295842232786,1.4446285641518788
1687101950.090695,0.9398038983345032,0.29526087641716003,-0.17201602458953857,-0.004089236259460449,0.03590059280395508,0.012561753392219543,-0.1062178984284401,-0.08277197927236557,0.1370590478181839,1.389766212117515,-0.2997285478665081,1.451394574086065
1687101950.096689,0.9405708909034729,0.2916734218597412,-0.17393338680267334,-0.0022317171096801758,0.028639018535614014,0.00831460952758789,-0.15743042528629303,-0.08280138671398163,0.08413376659154892,1.3879388157410715,-0.29597587878821435,1.4588951367514318
1687101950.1017919,0.9407355785369873,0.2904771864414215,-0.17504124343395233,-0.00212174654006958,0.043095171451568604,0.02211780846118927,-0.13231848180294037,-0.0675424262881279,0.04464836046099663,1.386831623574718,-0.29472549078198285,1.4669380218761248
1687101950.1427732,0.9405806660652161,0.29077017307281494,-0.17538654804229736,-0.009062230587005615,0.03503546118736267,0.016176477074623108,-0.11214955896139145,-0.031187083572149277,0.013306749984622002,1.3864472011787432,-0.29503169974960497,1.4734746095936946
1687101950.146474,0.9401365518569946,0.29250508546829224,-0.1748826801776886,-0.0020872950553894043,0.037176281213760376,0.01626773178577423,-0.08998588472604752,-0.015800511464476585,-0.027105586603283882,1.3868800469437694,-0.29684544133169544,1.4783331459450446
1687101950.274694,0.9391061067581177,0.2967533767223358,-0.17325368523597717,-0.008518457412719727,0.023986339569091797,0.01450134813785553,-0.10500653833150864,0.006318426690995693,-0.0845167338848114,1.3883597941881896,-0.3012910798947645,1.4832464302393769
1687101950.280237,0.9376673698425293,0.3025215268135071,-0.17105717957019806,-0.004867136478424072,0.01994246244430542,0.004065096378326416,-0.04902566596865654,0.02622896432876587,-0.11043190211057663,1.3903521804935994,-0.30733702931873164,1.4862754849071895
1687101950.284974,0.9359157681465149,0.3090992569923401,-0.1688765436410904,-0.002550959587097168,0.006971299648284912,0.00331878662109375,-0.04144178330898285,0.02148481085896492,-0.1340019404888153,1.3922773212705337,-0.31424576636248264,1.487434234156911
1687101950.29876,0.9340254664421082,0.3156474530696869,-0.1672210842370987,0.003337085247039795,-0.003452688455581665,-0.006820544600486755,-0.049148865044116974,0.010922499932348728,-0.12684045732021332,1.393640504972862,-0.3211389087538288,1.4883331112034999
1687101950.353632,0.9318463206291199,0.3222903907299042,-0.16670699417591095,0.014488458633422852,-0.0069065093994140625,-0.014338493347167969,-0.03957964479923248,-0.027328109368681908,-0.16616269946098328,1.3937693950316874,-0.32814797725225825,1.4894777783859745
1687101950.367037,0.9263958930969238,0.33640819787979126,-0.1691746711730957,-0.0009198188781738281,0.01268237829208374,-0.07939088344573975,-0.014812834560871124,-0.056903205811977386,-0.450397253036499,1.3901706820107063,-0.3431001939047906,1.4876505691059174
1687101950.369467,0.9137626886367798,0.36481785774230957,-0.17873285710811615,0.09513306617736816,0.014652937650680542,-0.1832665652036667,0.01076996885240078,-0.4558022916316986,-0.8372929692268372,1.3776341814875002,-0.37343715876431594,1.483560957877448
1687101950.4133391,0.8867866396903992,0.41913387179374695,-0.19477254152297974,0.1330193281173706,-0.10864800214767456,-0.1525021493434906,-1.4121196269989014,-0.7796781659126282,-1.346317172050476,1.3545908041075996,-0.432491139520532,1.5032739554401575
1687101950.474378,0.8430163860321045,0.4989005923271179,-0.20105144381523132,0.2144482135772705,-0.1123039722442627,-0.3967267870903015,-2.220203161239624,-1.458397626876831,-1.3772236108779907,1.3366790732643439,-0.5223297539959129,1.58412409972003
1687101950.573672,0.7937911748886108,0.5770499110221863,-0.19211627542972565,0.11654806137084961,-0.22618943452835083,-0.11986479163169861,-2.8802378177642822,-1.630721092224121,-1.1186299324035645,1.333338735492247,-0.6151119256965816,1.7260961169438254
1687101950.591608,0.7466129064559937,0.6365064382553101,-0.1934647113084793,0.10768091678619385,-0.1437087059020996,-0.27137893438339233,-2.163811683654785,-2.205864191055298,-0.6621140241622925,1.3172497428233614,-0.6899601663070514,1.8553678857876228
1687101950.62504,0.7183117866516113,0.6746949553489685,-0.1697491556406021,-0.021519184112548828,-0.5780458450317383,-0.04974848031997681,-4.6104865074157715,-2.582185983657837,0.2217637300491333,1.3387368392162466,-0.7405513106023336,2.0716898976441227
1687101950.720005,0.7168323397636414,0.686589777469635,-0.12143217027187347,0.006602168083190918,-0.20102471113204956,-0.04601770639419556,-3.5884294509887695,-3.1341288089752197,0.971713662147522,1.4029883299846808,-0.7567880639292216,2.3742209815292235
1687101950.738502,0.7382102608680725,0.6597338318824768,-0.14070162177085876,0.13976532220840454,-0.10974615812301636,0.25413548946380615,-2.6915533542633057,-3.203019380569458,1.4251747131347656,1.3824569910504294,-0.7204644906194345,2.5813830122539176
1687101950.868269,0.763705313205719,0.623512327671051,-0.1672913283109665,0.2527284026145935,-0.10956597328186035,0.1743866205215454,-3.044837713241577,-3.3863489627838135,1.6937928199768066,1.3551502588707307,-0.6732272729821486,2.789086770790613
1687101950.9606218,0.7862780690193176,0.5831718444824219,-0.20415011048316956,0.31150031089782715,-0.018017053604125977,0.18339812755584717,-1.660645842552185,-2.3289294242858887,1.4593915939331055,1.3167644603172441,-0.6226277936383782,2.9690517020620897
1687101950.96615,0.7960937023162842,0.5546829104423523,-0.24199460446834564,-0.0067414045333862305,-0.021586835384368896,0.4573418200016022,-0.5887730717658997,-1.0500041246414185,0.48880434036254883,1.2756944240312933,-0.5879818227275316,3.0441147576467253
1687101950.971076,0.7954935431480408,0.541426956653595,-0.27211517095565796,-0.10155439376831055,-0.015899181365966797,0.24950161576271057,0.5362939834594727,-0.3092314898967743,0.15612728893756866,1.241202711726044,-0.5721334187479055,3.0442446315074676
1687101951.079299,0.7955144643783569,0.5383697748184204,-0.2780553996562958,0.003039062023162842,-0.09273701906204224,0.3223363161087036,-0.21254806220531464,-0.019012175500392914,0.032777607440948486,1.23454114342879,-0.568501394281467,3.040801931046362
1687101951.085639,0.7978402376174927,0.532515823841095,-0.28262650966644287,0.02291470766067505,0.020142078399658203,0.1673920452594757,0.361378937959671,0.15023016929626465,0.07974380999803543,1.230349681128454,-0.5615700864291518,3.0304457612637448
1687101951.1718159,0.8041379451751709,0.5255298614501953,-0.277813583612442,-0.0304410457611084,-0.013445019721984863,0.15307295322418213,0.17720459401607513,0.32505282759666443,0.05369141325354576,1.238153884628258,-0.553337765720773,3.023259892049549
1687101951.191162,0.8047767877578735,0.5387913584709167,-0.2490743100643158,-0.01797264814376831,0.05364614725112915,0.22928360104560852,-1.0184012651443481,1.0917562246322632,-0.8129550218582153,1.2706515336020299,-0.5690017590579632,3.0240829054349536
1687101951.194247,0.7757819294929504,0.6190200448036194,-0.1223781481385231,0.08453911542892456,0.08038157224655151,0.08627576380968094,-3.2577004432678223,2.0162603855133057,-2.1989047527313232,1.414337490553986,-0.6674943365906889,3.133840568222195
1687101951.3209271,0.6769654154777527,0.7258890271186829,0.12166548520326614,0.38222336769104004,0.39460939168930054,0.6256946325302124,-3.606262445449829,4.146583557128906,-3.360553503036499,1.7486198378187072,-0.8123260247335813,-2.8940673199645155
1687101951.3785071,0.4986104965209961,0.7993745803833008,0.3352428376674652,0.8938761949539185,0.35783660411834717,0.05364251136779785,-0.36013829708099365,5.499967098236084,-3.2304563522338867,2.1627260929049976,-0.9262535584791948,-2.6535695711335374
1687101951.383313,0.21762259304523468,0.9029908776283264,0.3704700171947479,1.0779403448104858,0.9175047874450684,1.1380444765090942,4.7334160804748535,6.998379230499268,-3.975080966949463,2.610472308881956,-1.1266804859301385,-2.5195647718733905
1687101951.3870301,-0.08783286064863205,0.985942006111145,0.14213979244232178,0.7747836709022522,-0.15000450611114502,0.5944477319717407,4.444844722747803,5.972827434539795,-5.25587272644043,-2.588091447007597,-1.402920928107698,-1.7426244767724357
1687101951.468549,-0.3520819842815399,0.9335891604423523,-0.06670382618904114,0.7943581342697144,-0.8386185169219971,0.1190415695309639,1.7750412225723267,5.460779666900635,-4.996068000793457,-1.3835600836083406,-1.2043014992166408,-0.8018947944019343
1687101951.485769,-0.521142303943634,0.8436962962150574,-0.1287921965122223,0.9032071232795715,-0.9361949563026428,-0.01142074167728424,-4.364843368530273,3.720175266265869,-3.40161395072937,-1.3285165045810545,-1.0041319269764555,-1.0020716694403033
1687101951.5249171,-0.5918803811073303,0.8015286922454834,-0.08502551168203354,0.7014842629432678,-0.0589444637298584,-0.6172906756401062,-1.8795720338821411,2.2937772274017334,-1.2615306377410889,-1.428119218604294,-0.9298473520714627,-1.3282203225696003
1687101951.619084,-0.6017377376556396,0.7916886210441589,-0.10554885864257812,0.4691694974899292,0.08224314451217651,-0.7307242155075073,0.80923992395401,0.5622689127922058,0.056254904717206955,-1.3971560321210885,-0.9135681406037384,-1.3725752612587672
1687101951.6371598,-0.5902276635169983,0.8026379346847534,-0.08604365587234497,0.49055731296539307,-0.06769835948944092,-0.483734667301178,-1.7536383867263794,-1.115212082862854,0.5759729743003845,-1.426035600709758,-0.9317047412903802,-1.389239185875074
1687101951.673224,-0.5793387293815613,0.812165379524231,-0.06894714385271072,-0.16719740629196167,0.2680041790008545,0.13839000463485718,1.6156712770462036,-0.30317848920822144,0.007465860806405544,-1.4523433883970032,-0.9478540392894529,-1.3843654841838144
1687101951.768845,-0.5783710479736328,0.813728392124176,-0.057729434221982956,-0.14748942852020264,-0.28598809242248535,0.36789488792419434,-1.281140923500061,0.4428451955318451,-0.049569837749004364,-1.4713119981350835,-0.9505381324576305,-1.3986272954001546
1687101951.786109,-0.5817791223526001,0.8100399374961853,-0.07326765358448029,0.08303040266036987,0.17428922653198242,-0.24960827827453613,0.8115848302841187,0.13659226894378662,0.015827566385269165,-1.445518631407012,-0.9442202580234967,-1.3951676702845817
1687101951.824946,-0.5798436999320984,0.8109633922576904,-0.07822638750076294,-0.020513296127319336,-0.020192086696624756,-0.03505473583936691,-0.4934369921684265,0.22774752974510193,-0.01738382875919342,-1.436696545312961,-0.9457968348079066,-1.3946728665152675
1687101951.922565,-0.5787193775177002,0.8111453652381897,-0.08442221581935883,0.04368525743484497,0.06023836135864258,-0.028050191700458527,0.4218461811542511,-0.12579961121082306,0.0007379171438515186,-1.4259404548763195,-0.946107832147977,-1.386529331630195
1687101951.939821,-0.5801918506622314,0.8110983371734619,-0.07414060831069946,-0.23679423332214355,-0.07501441240310669,0.01627933979034424,-0.46321022510528564,0.41937363147735596,-0.08546962589025497,-1.4436987711573879,-0.9460274815984255,-1.4117465630034303
1687101952.003601,-0.577629029750824,0.8064134120941162,-0.12665744125843048,-0.6005173325538635,-0.1398332715034485,-0.6838588118553162,2.5056886672973633,0.11299321055412292,-0.1730039119720459,-1.3549412325693162,-0.9380617596810711,-1.3349854487758537
1687101952.1001248,-0.5863216519355774,0.7828810214996338,-0.20814386010169983,-0.9033784866333008,-0.4736008048057556,-0.4461226761341095,0.9245643019676208,-0.06581078469753265,0.340064138174057,-1.2296746286488214,-0.8992830325496792,-1.176868307738127
1687101952.118999,-0.5420681834220886,0.8022931814193726,-0.24997486174106598,-0.3809816241264343,-0.24469131231307983,-0.36600708961486816,1.893386721611023,-1.006054401397705,2.152472734451294,-1.1387086616113005,-0.9311269372056076,-1.0410498813444735
1687101952.185549,-0.41491571068763733,0.8763387799263,-0.244694322347641,-0.18705874681472778,-0.632716953754425,0.22588038444519043,-0.7800443768501282,-0.13503417372703552,3.887583017349243,-1.0379516593854132,-1.0682081789059912,-0.8930032261017965
1687101952.199634,-0.2254999428987503,0.9519173502922058,-0.20737195014953613,0.7615565061569214,0.32335126399993896,-0.08222457766532898,-2.0628700256347656,-1.9797054529190063,5.259742736816406,-0.8272521488246537,-1.2594348728100806,-0.6127259946056092
1687101952.2753248,0.01450459286570549,0.9991034269332886,-0.039775021374225616,1.1700657606124878,0.17449581623077393,0.40656590461730957,0.7072935700416565,-3.1406726837158203,3.879784107208252,0.3496799894992046,-1.5284477482984742,0.6855004779951592
1687101952.279049,0.12584778666496277,0.9451550841331482,-0.30140379071235657,1.0429755449295044,0.5328875780105591,0.5329712629318237,1.1592992544174194,-3.1997616291046143,2.411118507385254,0.3955340308058481,-1.2380690785887987,0.9606763484109645
1687101952.4034991,0.13731014728546143,0.9779952764511108,-0.15707066655158997,-0.47715383768081665,0.09692543745040894,0.07748089730739594,-0.40688762068748474,0.5706596970558167,-0.4819554388523102,0.7183729962980088,-1.3606254644340818,1.3240995229891839
1687101952.408455,0.13051541149616241,0.9652625322341919,-0.22634895145893097,0.17070843279361725,-0.16945570707321167,0.11587543785572052,1.3030641078948975,-0.025947153568267822,0.21213853359222412,0.5230445316662509,-1.3064462154125422,1.1109363748219732
1687101952.5155358,0.1421130746603012,0.9669414162635803,-0.2117261290550232,-0.039436593651771545,-0.2662732005119324,0.017039313912391663,-1.1769275665283203,0.03291035816073418,0.20636190474033356,0.5911426273899618,-1.3129501064609268,1.182753378666614
1687101952.535619,0.1471431404352188,0.9677559733390808,-0.2044438272714615,-0.07521313428878784,0.12765717506408691,-0.08387094736099243,0.5891693234443665,0.2576204240322113,0.006840151268988848,0.6238412802728722,-1.3161639078569942,1.2107919531396651
1687101952.640893,0.1502988338470459,0.9664101004600525,-0.20847468078136444,0.050964683294296265,-0.08677148818969727,-0.00897824764251709,-0.27940833568573,0.2939337491989136,-0.032187074422836304,0.624645329589108,-1.3108745493767342,1.1986207581354242
1687101952.6468349,0.13779112696647644,0.9681967496871948,-0.20882609486579895,-0.015400305390357971,0.04355233907699585,0.017313137650489807,0.47638633847236633,1.334213376045227,-1.0172650814056396,0.5832592451446692,-1.317919909552247,1.1200726177188811
1687101952.698443,0.07031319290399551,0.975267767906189,-0.20954391360282898,0.35932859778404236,-0.032030582427978516,0.07883724570274353,-0.6148560047149658,1.628049373626709,-2.4046921730041504,0.32374737988968805,-1.347929176110357,0.7628784985153843
1687101952.713588,-0.07481367141008377,0.9884675145149231,-0.13166171312332153,0.665573000907898,0.08607161045074463,0.0537198930978775,-1.8071030378341675,1.826649785041809,-3.954620599746704,-0.5167289168159699,-1.4187782393156807,-0.16610557206428514
1687101952.716465,-0.2689141631126404,0.9588341116905212,-0.09122496843338013,1.2025079727172852,0.22677361965179443,0.1593707799911499,-0.5230629444122314,0.47450464963912964,-3.7403697967529297,-1.2437441588564493,-1.2828676528086635,-0.9881530604111564
1687101952.7550159,-0.4477832615375519,0.8921065926551819,-0.06029698997735977,0.698363184928894,0.29820096492767334,0.1997929811477661,-1.7715425491333008,0.681075930595398,-3.9094443321228027,-1.4369448254657904,-1.1019863251030102,-1.2135841197413606
1687101952.880269,-0.5527697205543518,0.8332898616790771,-0.00857242476195097,0.38213080167770386,0.05332207679748535,0.046811044216156006,0.8333384394645691,-1.2402863502502441,-1.086942195892334,-1.5552894402262263,-0.9850321375683402,-1.3307807136309044
1687101952.975426,-0.604678213596344,0.796298086643219,-0.01654796116054058,-0.742825448513031,-0.4657773971557617,0.1382826566696167,-1.0819908380508423,0.5028452277183533,-0.5762065649032593,-1.5434365991171917,-0.9211504723326984,-1.3198465890326154
1687101952.9805279,-0.6109828948974609,0.791534960269928,-0.013111300766468048,-0.8043611645698547,-0.31095951795578003,-0.6621816158294678,1.7960695028305054,-0.3162819445133209,-0.08035895228385925,-1.5493402620670458,-0.913316599533366,-1.3260261048929476
1687101952.985337,-0.6100847125053406,0.7910182476043701,-0.04567887261509895,-0.8897930979728699,-0.7250546216964722,-0.226995587348938,-0.6535251140594482,0.2376803755760193,0.1937134563922882,-1.4960627716791337,-0.9124716164166748,-1.227514942810012
1687101953.028785,-0.6092860102653503,0.7917587757110596,-0.04345813766121864,-0.3266575336456299,-0.17124485969543457,0.11862301826477051,0.01594257354736328,0.8490514159202576,-0.3078005909919739,-1.4995905814720105,-0.913682921214644,-1.2711276300244285
1687101953.1790218,-0.6140936613082886,0.7887811064720154,-0.0267060287296772,0.043033599853515625,-0.22771543264389038,0.14067399501800537,-1.2685540914535522,0.5810657739639282,-0.2133217602968216,-1.527335187434449,-0.9088234656388734,-1.3489520138207745
1687101953.185483,-0.6187021732330322,0.7855700254440308,-0.00932528730481863,0.15404170751571655,0.1707134246826172,-0.29168474674224854,-0.10681413114070892,-0.40919172763824463,0.02688201330602169,-1.555725131164578,-0.9036167993269253,-1.4020804447631017
1687101953.27361,-0.6176124215126038,0.7864198684692383,-0.009927123785018921,0.004041314125061035,0.10713475942611694,-0.01863718032836914,0.6888022422790527,-0.2732473611831665,0.040628477931022644,-1.5547243229030425,-0.9049914169052147,-1.367456606870576
1687101953.2925391,-0.6161964535713196,0.7870866656303406,-0.028216246515512466,-0.03396517038345337,-0.0734180212020874,0.15413188934326172,0.060328785330057144,0.29308566451072693,0.04299702122807503,-1.525037299860903,-0.9060717112897507,-1.3341430228657556
1687101953.354676,-0.6144549250602722,0.7882891893386841,-0.03232726827263832,-0.029862582683563232,-0.07986950874328613,-0.007696386426687241,-0.39629971981048584,0.36270657181739807,0.005421418230980635,-1.5182334927584824,-0.9080235852868879,-1.35055103614724
1687101953.370912,-0.6133701801300049,0.7897443175315857,-0.00897194817662239,0.053616881370544434,-0.04610741138458252,-0.17919933795928955,-1.0877206325531006,-0.3072753846645355,0.09749443829059601,-1.5561700720935954,-0.9103920936487166,-1.3985994616399617
1687101953.444989,-0.5895527005195618,0.8056125044822693,0.05844563618302345,0.08074849843978882,-0.09127241373062134,-0.7199445962905884,0.4452420175075531,-1.9369893074035645,0.5576204657554626,-1.6696090239640693,-0.9367086036575601,-1.4663888269189111
1687101953.449152,-0.5195079445838928,0.8522840142250061,0.061019815504550934,0.4445720911026001,-0.4474989175796509,-1.040435552597046,2.892500877380371,-4.0884480476379395,2.502736806869507,-1.6877175546115017,-1.0203363973537611,-1.3341269861704579
1687101953.543412,-0.3518277406692505,0.9335362911224365,0.06875322759151459,0.52913498878479,-0.5480688810348511,-0.7030763626098633,0.8874085545539856,-4.694360733032227,4.062988758087158,-1.7637815854672272,-1.2041540297761166,-1.160852881509794
1687101953.549142,-0.11389052122831345,0.9882026314735413,0.1023947075009346,0.5844106674194336,-0.16676092147827148,-0.49166154861450195,0.03384482115507126,-5.3381452560424805,4.72291374206543,-2.3030932716058627,-1.4170389997726218,-1.4518407726955904
1687101953.629355,0.15033939480781555,0.981156051158905,0.12136948853731155,0.7530573606491089,0.08404457569122314,-0.14268602430820465,0.002567327581346035,-6.14333963394165,4.566361904144287,2.2499746722008718,-1.3763563719420915,-2.9210025205876056
1687101953.634795,0.4088296592235565,0.9122817516326904,0.024502141401171684,0.7713462114334106,0.319438099861145,0.4031864404678345,-0.3027873635292053,-5.367265224456787,5.134301662445068,1.6306571190401784,-1.1488210870920006,3.018991681163397
1687101953.685413,0.6152604818344116,0.7823663353919983,-0.09673306345939636,1.434452772140503,0.3900272250175476,0.4830244779586792,-0.24078470468521118,-5.773371696472168,4.751901626586914,1.414849975609068,-0.8984561918218978,3.1010833345691218
1687101953.778235,0.7108086943626404,0.6570039987564087,-0.2511902451515198,0.9645910859107971,0.2605525255203247,0.882049560546875,-0.21866536140441895,-3.5485095977783203,2.6376068592071533,1.2311076936839949,-0.7168377940294046,-3.093689743946196
1687101953.783249,0.7227637767791748,0.6232125163078308,-0.2986944019794464,-0.6540382504463196,0.07789808511734009,0.8814274072647095,-0.6838300228118896,-0.1943834125995636,-0.0918874442577362,1.1789054742520841,-0.6728438283509017,-3.0348065045279227
1687101953.8387809,0.7244170308113098,0.6079879999160767,-0.3249163329601288,0.11982131004333496,0.1499921679496765,0.35012373328208923,0.9377824664115906,-0.18130254745483398,0.36072778701782227,1.149172944392117,-0.6535239654875646,-3.067313359384045
1687101953.9591389,0.7322304248809814,0.5992069244384766,-0.323712021112442,0.14856791496276855,-0.07464051246643066,0.27885109186172485,-0.9335210919380188,-0.10010458528995514,0.28417038917541504,1.154539483867444,-0.6425101652257247,-3.044919330734721
1687101953.964334,0.7396302819252014,0.5975278615951538,-0.30968940258026123,-0.02850961685180664,0.1833556890487671,0.09301447868347168,0.24402229487895966,0.18254458904266357,0.13906016945838928,1.174266750212741,-0.6404145222887664,-3.0216040760410388
1687101954.0520349,0.7448059916496277,0.5922636985778809,-0.3073883652687073,-0.00039070844650268555,0.08760672807693481,0.09806817770004272,-0.08320818841457367,0.25276872515678406,-0.027560032904148102,1.1793819016120057,-0.633865382831749,-3.031355734319011
1687101954.07057,0.7463838458061218,0.5976805090904236,-0.29272738099098206,-0.01846325397491455,0.1330474615097046,0.05212664604187012,-0.22799131274223328,0.3883422017097473,-0.20958882570266724,1.1970371712151096,-0.6406048638824485,-3.0265662990650273
1687101954.172621,0.7437806725502014,0.6104905605316162,-0.27219709753990173,0.038995206356048584,0.1390666365623474,0.026896744966506958,-0.3492184281349182,0.44314154982566833,-0.33512213826179504,1.2199708798494946,-0.6566798359040836,-3.020395328308022
1687101954.191639,0.733823835849762,0.6381591558456421,-0.23292826116085052,0.025926589965820312,0.17669051885604858,0.25422942638397217,-0.21860501170158386,0.7851244211196899,-0.6833097338676453,1.2634380635269329,-0.692104872511859,-2.9999890173296984
1687101954.288896,0.7220402956008911,0.6556367874145508,-0.22090323269367218,0.006811082363128662,0.17705047130584717,0.20404216647148132,0.6311167478561401,1.1129378080368042,-0.8784166574478149,1.2738961195902552,-0.7150256369198695,-3.0485806633416956
1687101954.306442,0.6997478604316711,0.6899377107620239,-0.18530794978141785,0.11264544725418091,0.10422110557556152,0.2735646963119507,0.49030449986457825,1.553284764289856,-1.2243996858596802,1.3119178358175394,-0.761402993927688,-3.0896489079589013
1687101954.411841,0.6537018418312073,0.7422918081283569,-0.14722931385040283,0.12567132711410522,0.24957501888275146,0.31948572397232056,1.1518323421478271,2.5338220596313477,-2.5669004917144775,1.349268732822504,-0.8364841369620092,3.0997103999311544
1687101954.417844,0.5300275087356567,0.8409186601638794,-0.10920842736959457,0.48240846395492554,0.2944723963737488,0.3738415241241455,1.8157395124435425,3.6459436416625977,-4.661263465881348,1.3675970490765659,-0.9989785789959112,2.930782263192133
1687101954.4224172,0.30757349729537964,0.9433300495147705,-0.12460711598396301,1.2656993865966797,0.19230520725250244,0.4730873107910156,1.4150422811508179,3.232123613357544,-5.93050479888916,1.1858757628952867,-1.2325258939667598,2.5279540377935037
1687101954.499298,0.04264736548066139,0.9921910762786865,-0.11720894277095795,1.251099705696106,-0.10084903240203857,0.5122284889221191,-0.21446144580841064,3.4296085834503174,-5.738376140594482,0.3489663935796181,-1.4457434236905555,1.5183221477595512
1687101954.5163631,-0.20704467594623566,0.9747569561004639,-0.08355383574962616,1.0641767978668213,-0.16051751375198364,-0.16034257411956787,-1.799804925918579,2.4280574321746826,-4.75132942199707,-1.1872293797439692,-1.3456298305039118,-0.186825379899056
1687101954.64847,-0.3929806351661682,0.9195449948310852,-0.001730077899992466,0.5313169360160828,-0.40947425365448,-0.1612032651901245,-3.1905081272125244,3.7486727237701416,-3.186558723449707,-1.5663939046198099,-1.1669211470103658,-0.7453192186526125
1687101954.667644,-0.521977961063385,0.8516131043434143,0.04789508134126663,0.45393919944763184,-0.14647400379180908,-0.5313392877578735,-3.505305290222168,3.9565393924713135,-1.9632220268249512,-1.6622970145298643,-1.01905508433474,-1.0643533576920854
1687101954.704915,-0.5848444700241089,0.809800386428833,0.04668831825256348,0.4298611879348755,-0.10872024297714233,-0.4370232820510864,-1.6146756410598755,4.402992248535156,-0.8765974044799805,-1.6504577040887378,-0.9438118060975049,-1.3193347839118135
1687101954.7187839,-0.6006885766983032,0.7990157008171082,0.0273258239030838,0.5104178190231323,-0.2180526852607727,-0.48396027088165283,-2.6965126991271973,2.430224657058716,0.3913271427154541,-1.6162558181846534,-0.9256564928225685,-1.4952458005886835
1687101954.721177,-0.5925172567367554,0.8049049377441406,0.03241904079914093,-0.03983736038208008,0.20142728090286255,-1.0340211391448975,0.22292132675647736,1.121041178703308,0.17173629999160767,-1.6254559169249296,-0.9355152580825788,-1.5957289600853337
1687101954.7917628,-0.5846814513206482,0.8112111687660217,-0.00916640367358923,-0.14975452423095703,0.025824904441833496,-0.3282663822174072,1.0099222660064697,0.5917445421218872,0.08709916472434998,-1.555120008493208,-0.9462203856202229,-1.557940191620911
1687101954.921737,-0.5911964774131775,0.8056412935256958,-0.0377979576587677,-0.026921749114990234,-0.0012132525444030762,0.16815388202667236,-0.5134689807891846,0.1815933734178543,-0.3312629759311676,-1.50694854637668,-0.9367571986590518,-1.5248669003829356
1687101954.93922,-0.6087706685066223,0.7910400629043579,-0.06044570729136467,-0.005792200565338135,-0.051232993602752686,-0.008829113095998764,0.5302877426147461,0.2816927134990692,-0.2590334713459015,-1.4718292839396978,-0.9125071922324778,-1.495914910330125
1687101955.0053039,-0.6135520935058594,0.7857991456985474,-0.0779329314827919,0.046672821044921875,-0.07550245523452759,-0.12198758870363235,0.12477856874465942,-0.003077684435993433,0.021297143772244453,-1.44445363966218,-0.9039871354886763,-1.4680620069293564
1687101955.020251,-0.6075201034545898,0.790144145488739,-0.0811893418431282,-0.01784616708755493,0.03291505575180054,0.03886162489652634,0.07156573235988617,0.14971815049648285,0.14182130992412567,-1.4379429218510609,-0.9110441267871245,-1.4620042465794059
1687101955.157274,-0.6038724780082703,0.792517364025116,-0.08516936004161835,-0.046579062938690186,-0.03354537487030029,0.04305518418550491,-0.266483873128891,0.2915923595428467,0.06728383153676987,-1.4306818444123484,-0.9149258743392454,-1.4666992170183693
1687101955.1629539,-0.5955979228019714,0.7992368340492249,-0.08052188158035278,-0.14547568559646606,-0.10651826858520508,-0.10583359748125076,-0.1628953516483307,0.14482107758522034,0.2234007716178894,-1.4364160578465976,-0.9260243319038274,-1.4933835531947615
1687101955.2491078,-0.5845848321914673,0.8047228455543518,-0.10335085541009903,-0.36736518144607544,-0.18683362007141113,-0.3683592677116394,0.9764248728752136,0.18118983507156372,0.43102794885635376,-1.3958108958573736,-0.9352084126731297,-1.4562032271645486
1687101955.268002,-0.5644879937171936,0.8104581832885742,-0.1565588265657425,-0.5904344320297241,-0.25932610034942627,-0.6335870027542114,0.7770252227783203,-0.37746545672416687,0.7169482111930847,-1.3002498083927134,-0.9449338286666991,-1.331546773941254
1687101955.27102,-0.5212506055831909,0.8424316048622131,-0.13640759885311127,-0.5067951083183289,-0.3741697669029236,-0.04154027998447418,-0.19443564116954803,-0.4191284477710724,1.7035739421844482,-1.3148431846656172,-1.0017803528830214,-1.3174231195649488
1687101955.3342872,-0.4364614188671112,0.8813430666923523,-0.1809300184249878,-0.05543610453605652,0.06198573112487793,-0.20653629302978516,1.660085916519165,-1.3745770454406738,2.9928781986236572,-1.177820004567123,-1.0786973641056432,-1.1021827734120413
1687101955.3480248,-0.27100107073783875,0.9443368911743164,-0.1865103393793106,-0.06319686770439148,-0.3414621949195862,0.44278180599212646,0.1070621982216835,-0.7623032331466675,4.654578685760498,-0.9680152433807909,-1.235573065181655,-0.8062309635117788
1687101955.42494,-0.055027075111866,0.9780972003936768,-0.20074307918548584,0.8676034212112427,0.23192471265792847,-0.11146692931652069,0.5171192288398743,-2.4647159576416016,5.104925155639648,-0.26754504969840265,-1.361114554759482,-0.017926717631068168
1687101955.428535,0.13861748576164246,0.9564316868782043,-0.25695013999938965,1.5745631456375122,0.3025708794593811,0.6417311429977417,2.040194034576416,-4.025628566741943,3.556107997894287,0.4947246454801008,-1.2745248874914563,0.9474112367850311
1687101955.486013,0.18450485169887543,0.9488484859466553,-0.25621166825294495,-0.16418007016181946,-0.36678677797317505,0.8026442527770996,-5.151219844818115,0.0701914131641388,-0.29040661454200745,0.6241064853976125,-1.2495685307942848,1.2496956072596324
1687101955.579595,0.15208503603935242,0.9631022214889526,-0.2220449000597,-0.03874269127845764,0.5796985030174255,-0.48780906200408936,3.9218482971191406,0.16229061782360077,-0.30357444286346436,0.6005395498599437,-1.2983005978877988,1.1610452824843518
1687101955.585449,0.16337637603282928,0.9595664143562317,-0.2292168140411377,0.3621669113636017,-0.7686485052108765,0.40580689907073975,-3.160069704055786,-0.6107566356658936,0.606231153011322,0.6192379180916407,-1.2854578482749979,1.1870975879496537
1687101955.668867,0.17391104996204376,0.9659749269485474,-0.19143494963645935,-0.3269871473312378,0.34432774782180786,-0.2001054733991623,1.206190586090088,0.6025283932685852,-0.13457214832305908,0.7374696587458085,-1.3091866929316467,1.313957830995382
1687101955.76211,0.1705954223871231,0.9629133343696594,-0.2090330868959427,0.08996371924877167,-0.18723291158676147,0.05702508985996246,-0.5280781984329224,0.46475711464881897,-0.36859992146492004,0.6844913164635293,-1.2975998013735583,1.2409655489409321
1687101955.768805,0.14055772125720978,0.9730566740036011,-0.182767853140831,0.05844743549823761,0.09681320190429688,0.013761594891548157,-0.2175140082836151,1.4578993320465088,-1.4063533544540405,0.6555824334037342,-1.338137067371063,1.1557830097138044
1687101955.8507,0.03926051780581474,0.9889628887176514,-0.1428665667772293,0.4095310568809509,0.009709477424621582,0.06547409296035767,-1.4168047904968262,1.9104135036468506,-3.3734514713287354,0.2681853693871387,-1.4220853826177842,0.6668625654912382
1687101955.869389,-0.1286616325378418,0.9884582161903381,-0.07997768372297287,0.8767085671424866,0.1747649908065796,0.12169528752565384,-0.3379391133785248,1.2100019454956055,-3.7495458126068115,-1.01463666197302,-1.4187169203768188,-0.6957318049217134
1687101955.934329,-0.31362485885620117,0.9451100826263428,-0.09168647229671478,0.9643970131874084,0.03447365760803223,0.12870436906814575,-0.10162070393562317,0.3178296685218811,-3.332061529159546,-1.2863777328510662,-1.2379313697015586,-1.0302070191913513
1687101955.9483662,-0.4569338262081146,0.8880332708358765,-0.05107112601399422,0.4881991744041443,0.038282036781311035,0.13291937112808228,-2.235128879547119,1.0312960147857666,-3.1022400856018066,-1.459489092049902,-1.0930497397640473,-1.2344014413875242
1687101956.0255651,-0.5445830225944519,0.8384279608726501,-0.02162809669971466,0.4550597667694092,0.2661252021789551,-0.07563138008117676,0.28196436166763306,-0.07628217339515686,-0.979053258895874,-1.5311022200578783,-0.9943923752966797,-1.3602121342222113
1687101956.02958,-0.5583775043487549,0.8292832970619202,-0.022445259615778923,-0.38707226514816284,-0.24940359592437744,-0.030487358570098877,-0.5802099704742432,0.5490230321884155,0.2285066694021225,-1.5306206711075747,-0.9778239589764053,-1.372172311255328
1687101956.177785,-0.5384061932563782,0.8426814079284668,-0.002543636364862323,-0.6697083115577698,-0.26388514041900635,-0.40056300163269043,-0.23028962314128876,-0.4356299340724945,0.8233060240745544,-1.566071980180017,-1.0022441999988227,-1.4236682979614166
1687101956.30113,-0.5015676617622375,0.8650553226470947,-0.010439785197377205,-0.8962594270706177,-0.3414042592048645,-0.3593873977661133,1.6424294710159302,-1.2765326499938965,0.8915178179740906,-1.5499850199701115,-1.0452606810472167,-1.3542168762803015
1687101956.3212461,-0.47604143619537354,0.8787667751312256,-0.03396259620785713,-0.6806204915046692,-0.43177586793899536,0.10023164749145508,-0.6042642593383789,0.1609538048505783,0.29587921500205994,-1.4995732231607848,-1.0732720624152112,-1.2764996853365922
1687101956.324263,-0.4772071838378906,0.8787644505500793,0.006781327538192272,-0.2698324918746948,-0.04255247116088867,0.1353543996810913,-0.9187387228012085,1.3744962215423584,-0.38995885848999023,-1.5850058175404056,-1.0732671163125993,-1.4180854168151005
1687101956.452475,-0.49882444739341736,0.8666675686836243,-0.007822866551578045,0.09249827265739441,0.20945841073989868,-0.09013843536376953,-0.1660255342721939,0.631134569644928,-0.5143814086914062,-1.5551150081555714,-1.0484832945771547,-1.4402995542607044
1687101956.471477,-0.5154713988304138,0.8568233847618103,0.011950857937335968,0.18739229440689087,0.0006289482116699219,-0.3857758045196533,-0.060604821890592575,-1.458774447441101,-0.43970879912376404,-1.5939765018086924,-1.0290768732499513,-1.4450764486396528
1687101956.474381,-0.5137038826942444,0.857434093952179,0.03024735115468502,0.037904441356658936,-0.010891854763031006,-0.7324719429016113,1.2766976356506348,-1.5509053468704224,0.2734799385070801,-1.6296093321323835,-1.030262433421185,-1.363235225982671
1687101956.538655,-0.46890002489089966,0.8822583556175232,0.04186921566724777,0.09217578172683716,-0.5240429639816284,-0.8996114730834961,1.717186450958252,-2.945277690887451,1.6529141664505005,-1.659852556825856,-1.0806380554214694,-1.255201191648356
1687101956.55306,-0.3544081151485443,0.934628963470459,0.029386093840003014,0.28844448924064636,-0.464841365814209,-0.491788387298584,0.8224371671676636,-3.694162368774414,3.356889486312866,-1.6535230649943076,-1.2072142726004977,-1.05544569994675
1687101956.5559402,-0.14695997536182404,0.9870514273643494,0.0642801970243454,0.6859615445137024,-0.4203401803970337,-0.4569650888442993,0.28296393156051636,-4.999204635620117,4.931497097015381,-1.983122297936764,-1.4096962633219312,-1.1779100699934824
1687101956.624483,0.13217851519584656,0.9893332123756409,0.06122766062617302,0.7307519316673279,-0.15753084421157837,0.10860276967287064,-0.45114853978157043,-4.738410949707031,5.490637302398682,2.0045890351886655,-1.4246059569375036,3.054988356711518
1687101956.627481,0.41925638914108276,0.907772958278656,0.0131191061809659,1.113214373588562,0.27298247814178467,0.13223612308502197,0.6346873641014099,-5.898005962371826,5.998162746429443,1.6020774895494505,-1.1379438841700749,2.9152913463065597
1687101956.748969,0.6528030037879944,0.7374033331871033,-0.17344927787780762,1.683851718902588,0.2587971091270447,0.31935375928878784,-0.4306739866733551,-5.754912376403809,5.649469375610352,1.3110973188482522,-0.829217908219938,2.915855984216585
1687101956.873775,0.7376987338066101,0.6148657202720642,-0.27882036566734314,0.9293546080589294,0.25175708532333374,0.9459803104400635,-3.77671217918396,-3.3993022441864014,2.566472291946411,1.2094333889911901,-0.6622156553665508,3.140499150124208
1687101956.891216,0.7397710680961609,0.6221071481704712,-0.2563617527484894,-1.0005438327789307,0.3974544405937195,0.0916735827922821,1.50592839717865,-0.5376275777816772,0.020287517458200455,1.2372054133216792,-0.6714311583800796,-2.999489033775274
1687101956.894024,0.7413643002510071,0.5746422410011292,-0.34664851427078247,0.23890608549118042,0.16666007041931152,0.7017509937286377,-0.049476537853479385,-0.7127777338027954,0.6148234009742737,1.133417874511784,-0.6121669086449991,-3.0981412559930863
1687101956.953466,0.7411597371101379,0.5848769545555115,-0.32954680919647217,-0.0034888386726379395,0.22536450624465942,0.228899747133255,-0.26857995986938477,-0.20641843974590302,0.06287997961044312,1.1524114738519133,-0.6247283879269708,-3.0246391194844446
1687101956.957242,0.7401425242424011,0.5786975622177124,-0.34248819947242737,-0.014098823070526123,0.12403053045272827,0.24272608757019043,0.2565341889858246,0.02061539515852928,-0.062031880021095276,1.1374044350117376,-0.6171307985687506,-3.0510128202627556
1687101957.108489,0.7376958131790161,0.5850781202316284,-0.33688026666641235,-0.06696522235870361,0.06694501638412476,0.1312984824180603,-0.20084001123905182,0.15136249363422394,-0.17801165580749512,1.1424131765974384,-0.6249763720208596,-3.0481108610467453
1687101957.1142879,0.7354932427406311,0.5929291844367981,-0.3278486728668213,-0.002018451690673828,0.10043001174926758,0.08527958393096924,-0.2457689344882965,0.20068539679050446,-0.22465619444847107,1.1514794074878962,-0.6346915591808983,-3.047091070910227
1687101957.168292,0.7307128310203552,0.6121895909309387,-0.30213019251823425,0.005340635776519775,0.08919572830200195,0.1693938970565796,-0.3055523633956909,0.5251678824424744,-0.45800909399986267,1.178729334988764,-0.6588267905044796,-3.0284771992066197
1687101957.184439,0.7213580012321472,0.6380388736724854,-0.26934880018234253,-0.027296721935272217,0.18883460760116577,0.43702754378318787,-0.07146456092596054,1.3302521705627441,-1.0534498691558838,1.2134367859867226,-0.6919486930894501,-3.0411160616125645
1687101957.187304,0.6913482546806335,0.6919763088226318,-0.20786114037036896,0.01858222484588623,0.21900367736816406,0.4954739809036255,0.5990083813667297,2.787705898284912,-2.3423523902893066,1.2787336419606645,-0.7642230782488753,-3.0952500904414766
1687101957.288744,0.6025250554084778,0.789565920829773,-0.11640016734600067,0.4357898235321045,0.20562738180160522,0.5256103277206421,0.7606915235519409,4.091423034667969,-3.842042922973633,1.3799599740687505,-0.9101013436921751,3.086424221607176
1687101957.34906,0.44554319977760315,0.8929953575134277,-0.0636439099907875,0.9781782627105713,0.16596448421478271,0.43818604946136475,1.9736924171447754,4.683680534362793,-4.538173675537109,1.42891053438837,-1.1039571570673867,2.886651886975923
1687101957.365835,0.21764318645000458,0.9751536846160889,-0.04131246358156204,1.315636396408081,0.2967425584793091,0.575293779373169,0.5103535056114197,5.123677730560303,-5.340627193450928,1.3832106185979811,-1.347413769459988,2.5743741855063225
1687101957.3807468,-0.01063765212893486,0.9983612895011902,-0.056225378066301346,1.0552088022232056,-0.11492329835891724,0.37101423740386963,0.4981986880302429,5.535274982452393,-4.830234050750732,-0.1869864451032633,-1.5135395338659992,0.7373057134742158
1687101957.4045858,-0.21386204659938812,0.9738794565200806,-0.07630178332328796,0.9081370830535889,-0.19406366348266602,0.07892637699842453,-0.6490581631660461,5.746165752410889,-3.8863673210144043,-1.2280938824048186,-1.3417326848192295,-0.5915040288111019
1687101957.530034,-0.3812600374221802,0.9186583161354065,-0.10347599536180496,1.1320078372955322,0.10755610466003418,-0.5182280540466309,-2.083784580230713,3.632139205932617,-3.4339487552642822,-1.3057751354943947,-1.16467079381575,-0.9567837153484271
1687101957.622836,-0.48972201347351074,0.86962890625,-0.0625915676355362,0.649405300617218,-0.28189098834991455,-0.5017699003219604,-1.4544099569320679,2.8305575847625732,-2.0854830741882324,-1.4436751343943253,-1.0544501922081928,-1.278043788250212
1687101957.642508,-0.5562323927879333,0.8292025923728943,-0.05503156781196594,0.5811194777488708,-0.29131507873535156,-0.7502814531326294,-2.017707347869873,0.23559007048606873,-0.9138150811195374,-1.4721809619254935,-0.9776795954425811,-1.399977794624423
1687101957.7083669,-0.5741475224494934,0.8183521628379822,0.02558196522295475,0.009389162063598633,-0.1938556432723999,-0.702934741973877,-0.8769757151603699,0.139720156788826,0.1333865374326706,-1.615323311297652,-0.9585379528903618,-1.5883721810506748
1687101957.712206,-0.5561904311180115,0.8310045003890991,-0.009147027507424355,0.15448760986328125,0.035114824771881104,-0.32607322931289673,0.7215319871902466,0.1955334097146988,1.0264434814453125,-1.55435195418991,-0.9809110563237841,-1.5230721404377516
1687101957.798034,-0.5361739993095398,0.8437826633453369,-0.02341390959918499,-0.20329737663269043,0.1712014079093933,0.192710280418396,-0.007865074090659618,0.21695901453495026,-0.029233120381832123,-1.5271555619679122,-1.0042928879359863,-1.5140429563680466
1687101957.81658,-0.5443253517150879,0.8386485576629639,-0.019452573731541634,-0.1250777244567871,-0.014048457145690918,0.08135759830474854,-0.19936418533325195,0.29417791962623596,-0.3471531569957733,-1.5350744944628099,-0.9947973002840995,-1.518254164993601
1687101957.885431,-0.5465743541717529,0.8373686671257019,-0.008371707051992416,0.0674789547920227,-0.13631892204284668,-0.18431615829467773,-0.5103628039360046,0.1595226228237152,0.20352524518966675,-1.5554808391572705,-0.992451687641656,-1.5632577073809717
1687101957.90025,-0.535750687122345,0.8442630767822266,-0.01382832508534193,-0.09169071912765503,0.11247837543487549,-0.09400546550750732,0.817315936088562,-0.42926403880119324,0.0847993940114975,-1.5449909368530663,-1.005188593152215,-1.5501566168044438
1687101957.978119,-0.5324207544326782,0.8456683158874512,-0.03705386817455292,-0.22243142127990723,-0.06046640872955322,-0.03171735629439354,0.18347148597240448,0.37199410796165466,0.02035471796989441,-1.5013132780130447,-1.0078161326071209,-1.5038940523140405
1687101957.981948,-0.53299880027771,0.8424763083457947,-0.07839441299438477,-0.428259015083313,-0.07323509454727173,-0.48267120122909546,1.5141096115112305,-0.04047879949212074,-0.14181020855903625,-1.4247615964579485,-1.00186336055372,-1.4268101878128148
1687101958.036049,-0.5350880026817322,0.8352445960044861,-0.12667742371559143,-0.5432199835777283,-0.22634267807006836,-0.4264535903930664,0.5630438923835754,-0.4057212173938751,0.1922861784696579,-1.338334859277565,-0.9885774504576215,-1.3092795664972183
1687101958.161758,-0.5160836577415466,0.8493080735206604,-0.11105464398860931,-0.3940877318382263,-0.15507912635803223,-0.10287342220544815,0.37657272815704346,-0.6555201411247253,0.951974093914032,-1.3588411465695351,-1.0146731345192648,-1.3017021076679998
1687101958.167939,-0.4645032584667206,0.8714551329612732,-0.15748831629753113,-0.10570237040519714,0.10487842559814453,-0.2181219458580017,0.9750294089317322,-1.2710429430007935,1.9342044591903687,-1.2439125517958751,-1.0581613479683611,-1.1138274832248745
1687101958.248873,-0.3559342622756958,0.9319995045661926,-0.06846773624420166,-0.0601118803024292,-0.5966112613677979,0.6337143778800964,-2.453742265701294,-0.6281512379646301,3.232901096343994,-1.3807569991623783,-1.1998908050648693,-1.209238104307079
1687101958.2672381,-0.1822679489850998,0.9714289307594299,-0.15200097858905792,0.44816768169403076,0.32152456045150757,-0.4012063145637512,5.516088962554932,-2.6429030895233154,4.706634521484375,-0.8756986979542006,-1.3311791911608464,-0.5943357489716462
1687101958.3684301,0.04505312815308571,0.9525418877601624,-0.30105453729629517,1.090429663658142,-0.4228941798210144,0.3950946033000946,0.9876340627670288,-2.262566089630127,4.782505989074707,0.14854865693447045,-1.261479972281222,0.578923692682512
1687101958.387234,0.13877935707569122,0.9265170693397522,-0.3497229516506195,1.0610345602035522,0.23759102821350098,0.5077124834060669,-2.4511075019836426,-3.657083749771118,2.481384038925171,0.3777676762253329,-1.1850478492665495,1.0414489981012727
1687101958.517786,0.1272706836462021,0.9773429036140442,-0.16912323236465454,-0.9009369611740112,0.2737097144126892,0.1410929262638092,0.7170419096946716,2.3478434085845947,-1.2815243005752563,0.6451197438612241,-1.357521062466097,1.3071972881071003
1687101958.538681,0.11324939876794815,0.9465415477752686,-0.3020486831665039,0.4044203758239746,-0.2551659345626831,0.08674722909927368,1.3532077074050903,-0.4217013120651245,0.5014069676399231,0.3587159567273568,-1.2423404024669187,0.988416238421168
1687101958.67133,0.12975919246673584,0.9593973755836487,-0.25043758749961853,-0.08383013308048248,-0.24929922819137573,0.008219689130783081,-1.7314727306365967,-0.06316611170768738,0.20192280411720276,0.4780460465175422,-1.2848578321981168,1.1276027762561138
1687101958.690948,0.12439854443073273,0.9612818956375122,-0.24589042365550995,-0.10796475410461426,0.2367466688156128,-0.09041321277618408,0.6679041981697083,0.762378990650177,-0.6170122623443604,0.46836480154137305,-1.2916169871410703,1.0994442742750843
1687101958.693949,0.09299536049365997,0.9685117602348328,-0.2309470921754837,0.22579136490821838,-0.03728330135345459,0.09851613640785217,-0.7959693670272827,1.1824795007705688,-1.3150361776351929,0.38280558572408085,-1.3191820714145321,0.9566666891545514
1687101958.696871,0.0021278848871588707,0.9818784594535828,-0.18949945271015167,0.3237999379634857,-0.008657693862915039,0.08223026990890503,-0.866234540939331,2.2292540073394775,-3.038825035095215,0.011228504868730876,-1.3801314087035839,0.48739985967851523
1687101958.818074,-0.1596454679965973,0.9714058637619019,-0.1757376790046692,0.815239429473877,0.2490377426147461,0.06939925253391266,0.30613136291503906,1.786102533340454,-4.2344841957092285,-0.7374533620658571,-1.331082013310743,-0.37515111425160275
1687101958.837718,-0.3343154191970825,0.9265807867050171,-0.17228171229362488,0.9771530628204346,0.039697229862213135,0.14263392984867096,-0.975419819355011,-0.7528128027915955,-3.2078442573547363,-1.09496257281553,-1.1852171711064134,-0.7687874713692844
1687101958.853526,-0.49418094754219055,0.8624916076660156,-0.10905670374631882,0.3888038396835327,0.06426620483398438,0.17010724544525146,-1.5345017910003662,0.9080392718315125,-3.559626579284668,-1.353595858018766,-1.0401726787635568,-1.0714102707172397
1687101958.855736,-0.5874149799346924,0.8062396049499512,-0.0701516717672348,0.39770257472991943,-0.04349851608276367,0.04622602462768555,-0.5001996755599976,-0.13085301220417023,-1.470644474029541,-1.4519348955398788,-0.937767859471729,-1.183881319277473
1687101958.858017,-0.6260204315185547,0.7768309116363525,-0.06805985420942307,-0.15525996685028076,-0.021413981914520264,0.07555198669433594,-0.9303017854690552,0.7942380905151367,-0.4807516932487488,-1.462503395884612,-0.889617411531332,-1.241083271776502
1687101958.902528,-0.6197031736373901,0.7844188809394836,-0.02558881603181362,-0.4327411651611328,-0.10686767101287842,-0.21534740924835205,-1.7940133810043335,0.6946897506713867,0.6390262246131897,-1.529527719916462,-0.9017586757310853,-1.362855480023029
1687101958.9644408,-0.5956788659095764,0.8010997176170349,-0.05835992470383644,-0.7659543752670288,-0.09943962097167969,-1.142567753791809,4.697071075439453,-1.91349196434021,0.8762481808662415,-1.473135873580995,-0.9291302994565452,-1.2869942674562413
1687101959.089962,-0.554558515548706,0.8193491697311401,-0.14536745846271515,-0.8599769473075867,-0.6670359373092651,0.2515687346458435,-2.019820213317871,0.26326170563697815,0.8083741068840027,-1.3144324129838405,-0.9602748781225073,-0.9969158123390606
1687101959.150655,-0.5317964553833008,0.8465538024902344,-0.023218592628836632,-0.34363067150115967,-0.14773184061050415,0.28507471084594727,-1.2072149515151978,1.5754581689834595,-0.12182508409023285,-1.5271633659775066,-1.0094774320961941,-1.3132191206676755
1687101959.167578,-0.5325310230255127,0.8410330414772034,-0.09525667130947113,0.021285414695739746,0.14531022310256958,0.07932664453983307,0.20162248611450195,0.9031933546066284,-0.378569096326828,-1.3937929633861228,-0.9991899209356988,-1.2291359701968907
1687101959.170429,-0.5538191795349121,0.8273488879203796,-0.0936913713812828,0.04536581039428711,0.12386876344680786,-0.35371148586273193,-0.3143426775932312,0.18644095957279205,-0.5566770434379578,-1.4032098321488207,-0.9743712576872346,-1.2951682650135843
1687101959.234659,-0.5576931834220886,0.8269585371017456,-0.07153958827257156,0.18670624494552612,-0.2495812177658081,-0.5775997042655945,0.7422624826431274,-1.251550555229187,0.36190512776374817,-1.4432153905002951,-0.9736766577263996,-1.2993186290784937
1687101959.389494,-0.5328658223152161,0.8408526182174683,-0.09497827291488647,0.17548978328704834,-0.15101808309555054,-0.8633041381835938,2.2733356952667236,-2.682652711868286,1.3225706815719604,-1.394408192411803,-0.9988565852544994,-1.1283538151943757
1687101959.411178,-0.45801278948783875,0.8835488557815552,-0.09780442714691162,0.2587330639362335,-0.3906593918800354,-0.7210278511047363,1.82512366771698,-3.249776840209961,2.764519691467285,-1.360415295906053,-1.0833864595266272,-0.9050456931691809
1687101959.477759,-0.3225404620170593,0.9401592016220093,-0.10985542833805084,0.5007785558700562,-0.27428096532821655,-0.6670304536819458,1.8356846570968628,-4.386904239654541,4.1496148109436035,-1.2425252377970126,-1.2230972847485757,-0.5637756191559211
1687101959.481477,-0.11565594375133514,0.9866073727607727,-0.11501964181661606,0.6520330309867859,-0.21980750560760498,-0.11439621448516846,0.3906085193157196,-4.673445224761963,4.977329730987549,-0.7881565635337422,-1.4069511059526423,0.1484356472827045
1687101959.484877,0.1293056309223175,0.985658586025238,-0.10843044519424438,0.9079564809799194,-0.07229810953140259,-0.01527249813079834,0.12178591638803482,-5.782844543457031,5.985785961151123,0.872981751984558,-1.4012333259434533,2.080384487826751
1687101959.5643039,0.4062938094139099,0.8855154514312744,-0.22536146640777588,1.287019968032837,-0.043505072593688965,0.2004438042640686,0.43945637345314026,-5.685293674468994,7.450937271118164,1.0643701154988237,-1.0876022192244128,2.5815700977076355
1687101959.659771,0.5858110785484314,0.7246647477149963,-0.3628862202167511,2.733647108078003,0.5618036389350891,0.9494187831878662,-2.145845651626587,-5.538329601287842,5.261100769042969,1.0161911367913965,-0.8105478055931465,2.892193110389477
1687101959.665684,0.6284990906715393,0.7303586602210999,-0.26751643419265747,-1.452794075012207,0.2407715916633606,1.0809471607208252,-3.940680742263794,0.05938441678881645,-0.36415988206863403,1.1683809222244095,-0.8188468716526841,-3.003380151186702
1687101959.782905,0.6296464800834656,0.724885106086731,-0.27944010496139526,0.3821027874946594,0.4519488215446472,0.601232647895813,1.3538857698440552,-0.444018691778183,0.5610076785087585,1.1531062840471675,-0.8108675588261532,-3.0162401323497536
1687101959.803965,0.6512468457221985,0.7043214440345764,-0.28250426054000854,0.1683637499809265,0.004738986492156982,0.3723936676979065,-1.6146003007888794,-0.28875985741615295,0.672897458076477,1.1615042456809797,-0.7814668491822774,-2.963877357024524
1687101959.86292,0.6623673439025879,0.7043592929840088,-0.25523990392684937,-0.08097696304321289,0.3693709969520569,0.18906235694885254,0.25940680503845215,0.26011884212493896,0.07595816999673843,1.2029871302018877,-0.7815201451443929,-2.910131322031628
1687101959.865892,0.6675085425376892,0.7009449601173401,-0.2512137293815613,-0.03689330816268921,0.10658043622970581,0.13260707259178162,-0.19117699563503265,0.2751624584197998,0.019175246357917786,1.2108466764216184,-0.7767215815764081,-2.9166471792422444
1687101959.957164,0.6696481108665466,0.7024727463722229,-0.24104610085487366,-0.02670377492904663,0.1309468150138855,-0.027401909232139587,-0.18424560129642487,0.27465832233428955,-0.11804701387882233,1.225276734270265,-0.7788659524248951,-2.9144963916371345
1687101959.961959,0.6670716404914856,0.7103168368339539,-0.2246447056531906,0.021130263805389404,0.09314972162246704,-0.051570042967796326,-0.12878499925136566,0.2339034378528595,-0.21113117039203644,1.2459627196692666,-0.7899482186929454,-2.9018839297893173
1687101960.049518,0.663157045841217,0.7150486707687378,-0.2211969494819641,0.036687374114990234,0.02072995901107788,-0.10062628984451294,-0.08494707196950912,0.07125348597764969,-0.13115344941616058,1.248849520718448,-0.7966936890266104,-2.9068319591231475
1687101960.069696,0.6582148671150208,0.7209457159042358,-0.21677203476428986,-0.015240013599395752,0.009507536888122559,-0.0578252375125885,0.1383119523525238,0.04105222597718239,-0.16091418266296387,1.2526501654200377,-0.8051660665520521,-2.904680741318125
1687101960.165024,0.6540674567222595,0.7227112054824829,-0.2233479768037796,0.01582401990890503,-0.07422804832458496,-0.055872708559036255,-0.04111453518271446,-0.09231222420930862,-0.03392467647790909,1.2417358556624234,-0.8077170876228235,-2.9172269597496685
1687101960.183749,0.6525731086730957,0.7250380516052246,-0.22015465795993805,0.0030360817909240723,-0.06521767377853394,-0.0008995532989501953,-0.1817556917667389,-0.06873919814825058,0.05408396199345589,1.2454225826500287,-0.8110896427489044,-2.9065012362858402
1687101960.253547,0.6554998755455017,0.7239862084388733,-0.21485769748687744,0.010897278785705566,-0.004809141159057617,0.06768655776977539,-0.21805980801582336,-0.09395395219326019,0.022826818749308586,1.254054891436735,-0.8095636165230696,-2.887305892223627
1687101960.2570271,0.6528518199920654,0.7319830656051636,-0.19489786028862,-0.01479029655456543,0.0393332839012146,0.45113855600357056,-0.3747454285621643,0.39667680859565735,-0.3367409408092499,1.2806858865634385,-0.8212280646577769,-2.8581040742386423
1687101960.4139838,0.6464505791664124,0.733312726020813,-0.21060416102409363,-0.05169343948364258,0.05803847312927246,0.5577415227890015,2.4123973846435547,1.5228010416030884,-0.5116552710533142,1.2558542304571976,-0.8231816645968648,-2.9511848960902447
1687101960.4205751,0.6488036513328552,0.7113038301467896,-0.2703709602355957,0.07202154397964478,-0.06977880001068115,0.5484012365341187,5.038573265075684,2.6251296997070312,-0.9333873987197876,1.1759577865050999,-0.7913514165792261,3.0745960549771336
1687101960.502038,0.6526200175285339,0.6577373147010803,-0.3761233687400818,0.20359653234481812,0.07398247718811035,0.6270388960838318,7.107058048248291,3.919275999069214,-1.9368664026260376,1.0479643527306803,-0.7178108829681931,2.648987553019714
1687101960.522691,0.6741876006126404,0.5588821768760681,-0.4828266501426697,0.3829261064529419,0.006196379661560059,0.844444751739502,8.95901107788086,4.220057487487793,-2.552617311477661,0.9493064153264799,-0.5930372115656622,2.1415229687219757
1687101960.525547,0.7047498226165771,0.41257256269454956,-0.5771580934524536,0.4332354664802551,-0.19925472140312195,0.6264746189117432,8.64210033416748,3.251349687576294,-2.9224796295166016,0.8846040937327531,-0.4252763822339611,1.63627674138801
1687101960.5832438,0.7402158975601196,0.29276174306869507,-0.6052859425544739,0.35235923528671265,-0.1718052327632904,0.49450719356536865,6.139082431793213,2.5133774280548096,-2.9046361446380615,0.8853462544050218,-0.2971138632299838,1.2185806258000687
1687101960.599479,0.7711038589477539,0.23530584573745728,-0.5916332006454468,0.3608846068382263,-0.28839111328125,0.33333253860473633,4.376111030578613,2.0174670219421387,-2.1599202156066895,0.9163432760211857,-0.23753323986499253,0.9397476267086372
1687101960.674176,0.8025246858596802,0.2135208249092102,-0.5571021437644958,0.42168790102005005,-0.32756495475769043,0.16873562335968018,2.5473740100860596,1.4630930423736572,-2.039128541946411,0.9639824246075642,-0.21517748642942727,0.7276157139629044
1687101960.6903229,0.8175690174102783,0.23677349090576172,-0.5248991250991821,0.2443510890007019,-0.3445156514644623,0.1281401515007019,1.9156030416488647,1.3626078367233276,-1.8161205053329468,1.000048428379034,-0.23904355230345234,0.5831293005546019
1687101960.7346,0.8303711414337158,0.2705746293067932,-0.48710671067237854,0.25310957431793213,-0.44354820251464844,0.2348943054676056,0.5504533052444458,1.3284958600997925,-1.5208351612091064,1.0402781897037343,-0.2739898708124371,0.47818415413003224
1687101960.825645,0.8398697376251221,0.3372368812561035,-0.42531150579452515,0.2865186929702759,-0.5303672552108765,0.12617826461791992,-1.385155439376831,1.2138911485671997,-1.137879729270935,1.1020404362095135,-0.34398029714321626,0.46769347591085647
1687101960.82951,0.8449665904045105,0.40895208716392517,-0.3446585536003113,0.26938265562057495,-0.4564831256866455,-0.027487963438034058,-2.031867504119873,0.8394012451171875,-0.8321769833564758,1.1835015808251645,-0.4213054448965231,0.5316964627147491
1687101960.8856711,0.8441646695137024,0.476239949464798,-0.2461329847574234,0.19588959217071533,-0.8620584011077881,-1.3142764568328857,-3.551055431365967,0.7589136362075806,0.12224577367305756,1.2870914320661582,-0.4963736396903384,0.6745548935782378
1687101961.0098848,0.8529606461524963,0.4684113562107086,-0.23032350838184357,0.09227550029754639,-0.017529308795928955,-0.22202324867248535,1.6074073314666748,-0.058937061578035355,0.9852980971336365,1.3070581085982675,-0.4874918098828561,0.7382267670538
1687101961.015501,0.8765566349029541,0.37899187207221985,-0.2966705560684204,-0.011948049068450928,-0.19289559125900269,0.08727428317070007,1.9859572649002075,-0.3054267168045044,1.9936286211013794,1.2444479150633754,-0.3887066626276705,0.6240128179996833
1687101961.098143,0.903777539730072,0.3288765251636505,-0.2739091217517853,0.09381145238876343,-0.46565622091293335,0.06165948510169983,-4.332442283630371,-0.4572390913963318,1.2549209594726562,1.276524113577757,-0.3351136622455064,0.7308597711372443
1687101961.119436,0.9194545149803162,0.3237691819667816,-0.2231074869632721,0.10350990295410156,0.04242655634880066,0.05828213691711426,-3.691363573074341,-0.3371059000492096,1.3134247064590454,1.3327452838590617,-0.3297105565757848,0.9690458921391659
1687101961.182936,0.933612048625946,0.2910129129886627,-0.2089977264404297,0.05411982536315918,0.13399019837379456,0.17063724994659424,-1.0397886037826538,-0.3062351942062378,1.2358300685882568,1.3505678999253212,-0.2952854165281255,1.1014607515489663
1687101961.199506,0.9463935494422913,0.23531994223594666,-0.22127772867679596,0.036058902740478516,0.219285249710083,0.09347018599510193,0.8842511177062988,-0.078547403216362,1.1219830513000488,1.341110935158693,-0.23754773629834477,1.1096561199533834
1687101961.309906,0.9562340378761292,0.18066531419754028,-0.23016585409641266,-0.010936915874481201,0.0989978164434433,0.11230708658695221,0.14927218854427338,0.021885987371206284,0.8183383941650391,1.3345892554395684,-0.18166285573520544,1.0880746798968783
1687101961.3142781,0.9622581005096436,0.14988547563552856,-0.22714227437973022,-0.02286607027053833,0.1464707851409912,0.11505126953125,-0.5223901867866516,-0.011868566274642944,0.614093005657196,1.3389883171413368,-0.15045243321988097,1.1101620978557234
1687101961.395201,0.9659967422485352,0.12996740639209747,-0.22351403534412384,-0.05457413196563721,0.21906216442584991,0.12440825998783112,-0.5190559029579163,0.02865542285144329,0.44952526688575745,1.3434159932424128,-0.13033611043030754,1.1418197138493422
1687101961.400084,0.9687621593475342,0.11983887851238251,-0.21711395680904388,-0.034832775592803955,0.21902838349342346,0.12105995416641235,-0.6502241492271423,0.09151821583509445,0.24297277629375458,1.3503245754432551,-0.12012758614264099,1.174866756522324
