Timestamp,gravityX,gravityY,gravityZ,accelerationX,accelerationY,accelerationZ,rotationRateX,rotationRateY,rotationRateZ,attitudeRoll,attitudePitch,attitudeYaw,ArmBodyAngle
1715350625.3849669,-0.8813298940658569,0.4481114745140075,-0.1498449593782425,-0.004122257232666,-0.0016088485717773,0.0086248070001602,-0.0251246578991413,-0.0045648403465747,0.0226943437010049,-1.4023853417933334,-0.4646517059696626,1.7998290050145829,151.8032175526969
1715350625.44009,-0.8811728358268738,0.4487893581390381,-0.1487351357936859,0.0003136396408081,-0.0093058049678802,0.0051040798425674,-0.0215091500431299,0.0027860170230269,-0.0046344818547368,-1.403580243695342,-0.4654101498566931,1.7980884142276845,151.78418875086538
1715350625.4461,-0.8812413215637207,0.4487218260765075,-0.1485341787338256,-0.0077052116394042,-0.0063390135765075,-0.0041301399469375,-0.005585178732872,-0.007602974306792,0.0012637097388505,-1.403814719211241,-0.4653345891880959,1.7976596742614128,151.79247060084526
1715350625.561891,-0.8813629150390625,0.4484974443912506,-0.1484899818897247,0.0086671113967895,0.0039408504962921,-0.0129023194313049,0.0136251337826251,0.0205711387097835,-0.0165063217282295,-1.4038861020380446,-0.465083527399305,1.7969181275553334,151.807220206976
1715350625.585359,-0.881409764289856,0.448009192943573,-0.1496811807155609,-0.0051105618476867,-0.0017354488372802,-0.0049667358398437,0.0163033753633499,0.008964417502284,0.0053078532218933,-1.4025809275918113,-0.4645373283371299,1.798084596972202,151.81290003246147
1715350625.588278,-0.8813179731369019,0.4477763772010803,-0.150912806391716,0.0014505982398986,-0.00505793094635,-0.0021634548902511,0.0104607995599508,0.0177592411637306,-0.0118755726143717,-1.4012057548353851,-0.4642769190380583,1.7987972463329909,151.80177518582394
1715350625.649664,-0.8812353610992432,0.4476272165775299,-0.1518346965312957,0.0006966590881347,-0.0062363147735595,0.00129134953022,-0.0154480952769517,0.0251646935939788,0.0007826099172234,-1.4001740042565227,-0.4641100911051151,1.7988615463255402,151.79176328974287
1715350625.712305,-0.8812386989593506,0.4472328424453735,-0.1529731601476669,-0.0037556290626525,-0.0008980631828308,0.0046577006578445,0.0191422048956155,0.0199298504739999,-0.0088033052161335,-1.3989202694459784,-0.4636691118251695,1.799387047057407,151.79216864622944
1715350625.7718182,-0.8812297582626343,0.4468908607959747,-0.1540213525295257,0.0013317465782165,0.0002831816673278,-0.0012369155883789,-0.0341651886701583,0.030693681910634,-0.0047179721295833,-1.3977641164362375,-0.4632868005460483,1.7990245936106737,151.79107113679873
1715350625.833867,-0.8811218738555908,0.4468112885951996,-0.1548667103052139,0.0038790106773376,0.0111354291439056,-0.0053048580884933,0.0023809690028429,0.0190050676465034,0.0065937153995037,-1.3968125314926114,-0.4631978726840305,1.798200478059665,151.77800353691276
1715350625.890154,-0.8807963132858276,0.4473136067390442,-0.155267983675003,0.0040721893310546,0.0165992975234985,-0.0004327893257141,-0.0035104430280625,0.0271600671112537,0.0032808762043714,-1.396307635482278,-0.4637594442970105,1.796633150563686,151.73858495283466
1715350625.8955278,-0.8803719878196716,0.4478768408298492,-0.1560494750738144,0.0040597915649414,0.0107565224170684,-0.0051139593124389,0.0054088160395622,0.01878122985363,0.0149632766842842,-1.3953644514179808,-0.4643892804984529,1.795799327696025,151.68727187208677
1715350625.945559,-0.8799405694007874,0.4484365582466125,-0.1568723618984222,-0.0028870105743408,-0.0063437223434448,0.0009884983301162,-0.0204084664583206,0.0324520319700241,0.0045464104041457,-1.3943737015268198,-0.4650153829582457,1.7956113479399405,151.63521160720327
1715350626.011415,-0.8796302080154419,0.448671817779541,-0.157937467098236,0.0031349062919616,-0.0026727020740509,-0.0009065866470336,0.0184302423149347,0.0173741485923528,0.0110719995573163,-1.393139453740399,-0.4652786095040979,1.7962617068763116,151.597790606132
1715350626.069468,-0.8796696066856384,0.4482058584690094,-0.1590365320444107,0.0074621438980102,0.0016842186450958,-0.013631984591484,0.0793642327189445,0.0188713762909173,-0.0238979682326316,-1.3919371108834442,-0.4647572861125104,1.7963829499663415,151.6025483948087
1715350626.1324692,-0.8803268671035767,0.4452103972434997,-0.1637446880340576,0.0028244256973266,-0.0004624426364898,-0.0576298981904983,0.4216832518577575,-0.007923618890345,-0.0313071049749851,-1.3868935595334442,-0.4614092121574953,1.8075903024253164,151.68181764673065
1715350626.193079,-0.8819400668144226,0.4348546266555786,-0.1818877011537552,0.0312168002128601,0.0617121458053588,-0.0932588726282119,1.8787087202072144,-0.2069554924964904,-0.0479636676609516,-1.3674119689369264,-0.4498768378878775,1.860841265678816,151.87728737625673
1715350626.198273,-0.8881846070289612,0.3969895541667938,-0.231359601020813,-0.0109089016914367,0.1664106845855713,-0.012155532836914,5.363096237182617,-0.948774755001068,0.0297683235257864,-1.315973149748031,-0.4082345271315376,2.05263757316024,152.6460118387193
1715350626.25039,-0.9043764472007751,0.3093061447143554,-0.2939946353435516,-0.0104030966758728,-0.0557966530323028,0.1492649316787719,7.362328052520752,-1.4505283832550049,-0.0182190015912055,-1.2564921291806488,-0.3144633165653131,2.392242958580048,154.7394378630939
1715350626.30961,-0.9293060898780824,0.1949884295463562,-0.3136392831802368,-0.0494382977485656,-0.0665246993303299,0.2515206336975097,6.9183125495910645,-1.65625262260437,0.0049106865189969,-1.2453019594742432,-0.1962456533043626,2.749505755933473,158.32691166892224
1715350626.369984,-0.9546775221824646,0.1062350943684578,-0.2780371904373169,-0.0919378995895385,-0.0556064471602439,0.2130194008350372,5.895240306854248,-1.751831293106079,0.2267629653215408,-1.2873984524105972,-0.1064359447617546,3.0566053098418355,162.68398535602367
1715350626.4327168,-0.9744386076927184,0.0607280805706977,-0.2162898629903793,-0.0847195982933044,-0.0636425018310546,0.2179377079010009,4.179225921630859,-1.6552361249923706,0.5573342442512512,-1.3523738843272537,-0.0607654687863812,-2.9684493495554887,167.01749390210605
1715350626.4891229,-0.9865615367889404,0.0669555142521858,-0.149041399359703,-0.1356613636016845,0.0256500840187072,0.118325337767601,3.1370890140533447,-1.499180793762207,1.0143206119537354,-1.420858553612901,-0.0670056439425544,-2.792161271689543,170.59626561113305
1715350626.504705,-0.9902286529541016,0.105114921927452,-0.091639719903469,-0.0904749631881713,-0.0133943408727645,0.1124220490455627,2.673856019973755,-1.3452427387237549,1.1941839456558228,-1.4785151705413229,-0.1053094600512755,-2.6369801858654456,171.98383608839958
1715350626.549419,-0.986551821231842,0.1598133891820907,-0.0342775247991085,-0.0740559101104736,0.0427470207214355,0.0108856596052646,1.3787721395492554,-1.433932900428772,1.2857791185379028,-1.5360655181871292,-0.1605016048586364,-2.5356657190787923,170.59290795003838
1715350626.609851,-0.9730106592178344,0.2299500256776809,0.0193069875240325,-0.1876336336135864,0.1049650907516479,-0.0125627536326646,0.8205851316452026,-1.1387324333190918,1.622042536735535,-1.590636247970761,-0.2320263326335819,-2.4806428838555874,166.65822796182636
1715350626.671932,-0.9460927844047546,0.3187876343727112,0.0572942644357681,-0.1595742106437683,0.1691121160984039,-0.0277686119079589,0.7169575691223145,-0.8143583536148071,1.997541427612305,-1.6312812843474898,-0.324450119251741,-2.4440123786881984,161.10133482499384
1715350626.731571,-0.9030888676643372,0.4225404858589172,0.0767451003193855,-0.1478906273841858,0.1964932978153228,-0.1237118244171142,0.3924410045146942,-0.4884734451770782,2.4121665954589844,-1.6555733125958767,-0.4362464943265486,-2.422539814211363,154.56711672319682
1715350626.820759,-0.8421552777290344,0.530931830406189,0.0942642986774444,-0.1787033677101135,0.1750007271766662,-0.1688647270202636,-0.5342562794685364,-0.1221880093216896,2.4999098777771,-1.682264554595839,-0.5596997876906934,-2.4452844423797178,147.36842179272816
1715350626.8383,-0.7703683376312256,0.6272767782211304,0.1142624020576477,-0.0845661163330078,-0.1224704384803772,-0.1895799934864044,-1.0927752256393433,0.3403414189815521,2.3925857543945312,-1.7180445727679183,-0.6780515865592135,-2.5150033659257702,140.38699655651698
1715350626.877808,-0.7003574371337891,0.7013575434684753,0.1326528191566467,-0.0272883772850036,-0.2354457378387451,-0.3701255321502685,-1.0425076484680176,0.685129702091217,2.026970148086548,-1.7579861750370986,-0.7773001982779331,-2.614683535769049,134.45569631113221
1715350626.941661,-0.6373298764228821,0.7576925158500671,0.1404008865356445,-0.0587301850318908,-0.3504813313484192,-0.2892657518386841,-0.8479458093643188,0.8559834361076355,1.654662847518921,-1.7876284485635752,-0.8597700114170742,-2.711210538626068,129.5930084594027
1715350626.964004,-0.587810754776001,0.7968388199806213,0.1397361755371093,-0.1103245615959167,-0.3386022448539734,-0.2671014070510864,-0.3971560299396515,0.9478442668914796,1.2577022314071655,-1.804187282448842,-0.9220449519482308,-2.7910478737163475,126.00181057350817
1715350626.999364,-0.5515056848526001,0.825519859790802,0.1198253408074379,-0.0904314517974853,-0.1140941381454467,0.1023882627487182,-0.0008610637160018,0.7500495910644531,0.836828887462616,-1.7847406512796504,-0.9711226790877074,-2.8251191202736776,123.47037690078248
1715350627.055688,-0.5243486166000366,0.844741940498352,0.1070953384041786,0.0056108832359313,-0.1254274845123291,0.1580259799957275,-0.0906897485256195,0.3568319678306579,0.5597852468490601,-1.7722698157133352,-1.0060828386834386,-2.8420634336176747,121.62440579988402
1715350627.120994,-0.5022245645523071,0.858963668346405,0.0997577086091041,0.0088316798210144,0.0948173403739929,-0.0520131587982177,-0.0544270165264606,0.3448083400726318,0.6503420472145081,-1.7668758435228915,-1.0332423224592753,-2.8564319892812677,120.14729050276235
1715350627.181802,-0.4699714481830597,0.877697765827179,0.0936642438173294,0.1337288916110992,0.0452756285667419,-0.0639860704541206,-0.208016037940979,0.4874919950962066,0.8913199305534363,-1.7675165435900844,-1.07103671974629,-2.882664229861295,118.03245049995216
1715350627.24549,-0.4373854696750641,0.8951326012611389,0.0862042903900146,0.0254135131835937,-0.2433383464813232,0.1421891450881958,0.2477506846189499,-0.2081560492515564,0.440834492444992,-1.765392232685747,-1.1087285915622327,-2.8945475743335614,115.93718797122602
1715350627.263619,-0.4189038574695587,0.9047505855560304,0.0771079584956169,-0.0224565267562866,-0.1027029752731323,-0.0805413797497749,0.4555343389511108,-0.3283489048480987,0.3374870419502258,-1.7528294648779597,-1.1307937550231502,-2.8630206878315776,114.76540670705533
1715350627.295687,-0.4022095501422882,0.9133503437042236,0.0633898302912712,-0.0207945108413696,-0.0088858008384704,0.0158488675951957,0.5476965308189392,-0.4633546471595764,0.3031569421291351,-1.727114511744895,-1.1514379149109213,-2.810210099549248,113.71638547839945
1715350627.35961,-0.392299085855484,0.918621063232422,0.0472929589450359,0.0306505858898162,-0.1072655916213989,0.0188385248184204,0.4066852927207947,-0.249534785747528,0.0873771533370018,-1.6907706825272255,-1.1645764091323552,-2.7505796525186947,113.0976328587066
1715350627.418148,-0.3888173401355743,0.9204958081245422,0.0388387590646743,0.0053640305995941,0.0674648880958557,0.0312905311584472,0.1879690438508987,-0.1317281126976013,0.0700926631689071,-1.6703555459672914,-1.169347443056622,-2.717450373440506,112.88093198458304
1715350627.48242,-0.3852314054965973,0.9222546219825744,0.0322930738329887,-0.0371928215026855,0.0146806240081787,0.0552769862115383,0.1504854410886764,-0.0633128434419632,0.0846005007624626,-1.6544285284636313,-1.1738726474470256,-2.695193767327799,112.65811094047037
1715350627.573571,-0.3814878165721893,0.9239897727966307,0.0266426894813776,0.0097989737987518,0.0161042213439941,-0.0193185769021511,0.1344538927078247,-0.039692997932434,0.0659653842449188,-1.6405220089689627,-1.178385481695234,-2.6766351541828124,112.42587326144546
1715350627.591075,-0.3795778453350067,0.9248612523078918,0.0234956089407205,-0.0065915584564208,-0.0388750433921813,0.0158871412277221,0.0494859963655471,-0.0302100144326686,0.0301505737006664,-1.632616771134632,-1.1806705418817072,-2.665753037144278,112.30753916909654
1715350627.6312962,-0.3787638247013092,0.925258457660675,0.0208457261323928,-0.0044910907745361,0.0104866623878479,0.0534949302673339,0.0188400689512491,0.0391978211700916,0.0135518889874219,-1.625777072228242,-1.1817162903854572,-2.658454586897928,112.2571345475488
1715350627.697432,-0.3807248771190643,0.924445867538452,0.0211720764636993,-0.0188722610473632,0.0146256685256958,0.0380623340606689,-0.100444346666336,0.1286543309688568,-0.0631693825125694,-1.6263490215056406,-1.1795797805606234,-2.663035998862576,112.3785921986423
1715350627.712301,-0.3850866556167602,0.9225687384605408,0.0239767096936702,-0.009581834077835,-0.0210338830947875,0.0068917255848646,-0.1068340018391609,0.1662594974040985,-0.1104250475764274,-1.6329792103818197,-1.1746859987126346,-2.678176704202291,112.64912373423503
1715350627.74733,-0.3927869498729706,0.9192817807197572,0.0252896416932344,-0.0052538514137268,-0.053955852985382,0.0166566409170627,-0.0626033917069435,0.1554898023605346,-0.1875157952308654,-1.6350927189148148,-1.1662518269971427,-2.688945779693015,113.12802129616315
1715350627.842575,-0.4051477313041687,0.913930892944336,0.0241896379739046,0.0116389691829681,-0.0820677280426025,-0.0032700337469577,-0.0052893348038196,0.2019551694393158,-0.336659163236618,-1.6304312504048282,-1.1528659140283792,-2.692465848498131,113.90039142403829
1715350627.900926,-0.4263035356998443,0.9043225646018982,0.0215776227414608,-0.0566217601299285,-0.0822402834892273,0.0115338545292615,-0.0515848919749259,0.2170493155717849,-0.5371057391166687,-1.6213688004869653,-1.1297900245269754,-2.693402973614244,115.23320631258437
1715350627.916604,-0.4557578265666961,0.8898882269859314,0.0195769555866718,-0.0367347300052642,-0.131663978099823,-0.0109406728297472,-0.0673879906535148,0.1443837583065033,-0.7920698523521423,-1.6137246713419773,-1.09710007239672,-2.6952007889594447,117.11371191449932
1715350627.9563022,-0.4927602112293243,0.8699902892112732,0.0174375344067811,0.0381856858730316,-0.0505934357643127,0.0337555408477783,0.0235007666051387,-0.1746765077114105,-0.8523493409156799,-1.6061690331508218,-1.055182604782,-2.6895083896812406,119.52216756989397
1715350628.052001,-0.5357952117919922,0.8441327810287476,0.0190603695809841,0.0173168182373046,-0.231141448020935,0.0037819165736436,0.0869470834732055,-0.3792164623737335,-1.154430866241455,-1.6063553144460994,-1.0049455887505692,-2.6719833162249795,122.39785755333992
1715350628.11193,-0.5899301171302795,0.8071964979171753,0.0204003602266311,0.0409647226333618,-0.1703557968139648,-0.0907588005065918,0.3345308601856231,-0.2626610994338989,-1.5041985511779783,-1.6053635302214688,-0.9393871805683028,-2.6501125138241943,126.15205126610654
1715350628.1279368,-0.6537884473800659,0.7563382387161255,0.022638950496912,0.101359486579895,-0.1967986822128296,0.0105029307305812,0.1025131940841674,-0.3317488431930542,-1.679283618927002,-1.6054098311127665,-0.8576973926870649,-2.631959243783115,130.8278625016735
1715350628.165495,-0.7154808640480042,0.6982002258300781,0.024563193321228,-0.0188024640083313,-0.0310707688331604,-0.00675630569458,-0.0598322041332721,-0.3525018990039825,-1.8297531604766848,-1.605113875332286,-0.772880399836027,-2.6049017427996013,135.6826282551131
1715350628.233757,-0.7732964158058167,0.6330230832099915,0.0359723083674907,-0.0863378047943115,0.246371328830719,-0.0971297025680542,0.3515285551548004,0.0138834100216627,-1.8354774713516235,-1.6172809517424196,-0.6854520992461647,-2.607393577660107,140.65084880408398
1715350628.28936,-0.8320832848548889,0.5523958206176758,0.0499582551419734,-0.0346919894218444,-0.3760958909988403,-0.062882550060749,-1.317795753479004,0.1030649468302726,-1.8926268815994265,-1.630764307257182,-0.5852356210979394,-2.637835737193996,146.31335905242997
1715350628.351074,-0.8821425437927246,0.4688031673431396,0.0452536381781101,-0.0296462774276733,0.210991084575653,-0.0851097106933593,0.0829825326800346,0.409684419631958,-2.1743311882019043,-1.622051087695051,-0.4879353538819305,-2.6448011111986927,151.90191955923666
1715350628.36694,-0.9305747747421264,0.3632362186908722,0.045714147388935,0.082582950592041,-0.143952190876007,-0.0068196058273315,-2.4765796661376958,0.6273760199546814,-2.2414348125457764,-1.6198815049664037,-0.3717390090620553,-2.7105393926206576,158.52460835702087
1715350628.439588,-0.9659355878829956,0.2565951347351074,0.0335754193365573,-0.1185065507888794,0.2539486885070801,-0.2398285865783691,-2.415681838989258,1.488067626953125,-2.1081244945526123,-1.6055418168989697,-0.2594977333043831,-2.8260151128968687,165.00216839702418
1715350628.5000448,-0.9877020716667176,0.1560703217983245,-0.0092982845380902,-0.1875450015068054,-0.154010385274887,0.0875604748725891,-6.082634449005127,1.8575671911239624,-1.6151822805404663,-1.561382546515507,-0.1567109560356084,-3.042371534302685,171.0050693074484
1715350628.515431,-0.9909300208091736,0.1144681274890899,-0.0703877434134483,-0.2530425786972046,0.3435549437999725,0.3041523098945617,-6.5078325271606445,2.353672504425049,-0.5981298089027405,-1.4998834274573198,-0.1147195924788435,2.904455692567972,172.27735757787949
1715350628.557197,-0.978737771511078,0.1372454911470413,-0.1524333506822586,-0.08295339345932,0.2674176096916199,0.1816690564155578,-4.65965461730957,2.16078519821167,0.2000927031040191,-1.4162927580889215,-0.1376800447281565,2.624223754343204,168.16375557900403
1715350628.6184812,-0.96016263961792,0.1911720931529998,-0.203815683722496,-0.0467036962509155,-0.0485939532518386,0.0032693147659301,-3.765083312988281,1.414775848388672,0.3664285838603973,-1.3616290489869485,-0.192356117653656,2.4149547346070555,163.77311925676366
1715350628.6811728,-0.9448816180229188,0.2407671511173248,-0.2218778729438781,-0.1627385020256042,0.0368970185518264,0.0625149607658386,-2.797675132751465,0.877265214920044,0.2376864999532699,-1.3401541810398183,-0.2431561805879654,2.253397516994069,160.88822992956202
1715350628.741045,-0.9323757290840148,0.2796218693256378,-0.2291005253791809,0.0153531432151794,-0.0790145695209503,-0.0823772549629211,-2.4321494102478027,0.7647337317466736,0.2366320192813873,-1.3298528104063905,-0.283400231952434,2.1357877528792804,158.80823335280965
1715350628.800669,-0.9215692281723022,0.3186374008655548,-0.2217661589384079,-0.0520329475402832,0.0512356162071228,-0.0183462500572204,-2.1865158081054688,0.6051133871078491,0.2468731999397277,-1.3346465523287785,-0.3242916002524868,2.0065178976213938,157.15659053605285
1715350628.816008,-0.911284863948822,0.3507524728775024,-0.2157138139009475,-0.0646671652793884,-0.0927416384220123,0.0037996768951416,-2.006755828857422,0.4663030505180359,0.2104170173406601,-1.3383607638819917,-0.3583745151825533,1.910056284167553,155.68352797863488
1715350628.856398,-0.9027112722396852,0.3804861903190613,-0.2008543610572815,0.0171065926551818,-0.0705191791057586,-0.0617647767066955,-1.6620986461639404,0.3966725766658783,0.2089144587516784,-1.351861530821456,-0.3903219716517898,1.8151111592366536,154.51678123056328
1715350628.919903,-0.8957008719444275,0.4021534025669098,-0.1897165775299072,-0.0131735205650329,-0.0422596633434295,-0.0302236676216125,-1.1353819370269775,0.3244496583938598,0.1358468681573867,-1.362073157456503,-0.4138676234711202,1.7413136146417922,153.59860902822527
1715350628.978528,-0.8902440667152405,0.4162661433219909,-0.184900015592575,-0.0319513082504272,-0.1124179065227508,-0.0739654302597045,-0.8972102403640747,0.2979971468448639,0.1194785833358764,-1.366011955897272,-0.4293348843663895,1.694669564518819,152.90393132361473
1715350629.042729,-0.8858781456947327,0.4264841675758362,-0.182567223906517,0.0049732327461242,0.0313099324703216,-0.0656475871801376,0.0153327519074082,0.1570158004760742,0.1134027615189552,-1.3675555983972278,-0.4406021258585366,1.6636608608744563,152.359801151201
1715350629.099808,-0.8826230764389038,0.4308569729328155,-0.1879857629537582,-0.0247407555580139,-0.1395361721515655,-0.02238729596138,-0.2760778963565826,0.1024512201547622,0.0332691818475723,-1.3609466235386904,-0.4454422113005001,1.6635946039032845,151.96042752446075
1715350629.11517,-0.8807106018066406,0.4340637922286987,-0.1895713955163955,-0.0020712614059448,-0.0217255651950836,0.0518760085105896,-0.0464622043073177,0.1055815070867538,0.0247615352272987,-1.3587829168885244,-0.4489987883318967,1.65619529890319,151.72820982499968
1715350629.1586251,-0.880129873752594,0.433851957321167,-0.1927268952131271,-0.0082367062568664,-0.0233142971992492,0.0064170360565185,0.0777819156646728,0.018093466758728,0.0092865265905857,-1.355223414743292,-0.448763689196088,1.6577987621627048,151.65804611045778
1715350629.219603,-0.8802176713943481,0.4337665438652038,-0.1925180405378341,0.0013573169708251,0.0134227275848388,0.0472543239593505,0.0673850029706955,-0.0264718700200319,-0.0046695028431713,-1.355470706756495,-0.4486688900015309,1.6569122220705048,151.66864492271515
1715350629.342351,-0.8808481097221375,0.432366281747818,-0.1927849054336547,-8.755922317504883e-05,-0.0296257734298706,0.0175070464611053,-0.0389290191233158,-0.0198921300470829,-0.0352938584983348,-1.3553309626045809,-0.4471153749181712,1.660244349196057,151.74483948212827
1715350629.3682818,-0.8817708492279053,0.4310260117053985,-0.1915633827447891,-0.0094796419143676,-0.0056110322475433,0.0062300711870193,-0.0001296598929911,-0.01732231490314,-0.0233078133314847,-1.3568720088825812,-0.4456295096073183,1.6609120168894294,151.856734916802
1715350629.3713431,-0.8826248645782471,0.4294000566005707,-0.1912819445133209,0.0090287923812866,0.0330785512924194,-0.0142540335655212,0.1352567374706268,-0.0405360236763954,-0.0071384301409125,-1.3573773051091218,-0.4438283558655324,1.662938992685927,151.9606471281579
1715350629.39686,-0.8827919363975525,0.4292551875114441,-0.190835416316986,0.0082498788833618,0.0217182636260986,-0.0150819867849349,0.0699722617864608,-0.0040832078084349,-0.0039308303967118,-1.3578996546985402,-0.4436679631907608,1.66406635569877,151.98102122487288
1715350629.458555,-0.8824259042739868,0.428764134645462,-0.1936123669147491,-0.0119831562042236,-0.0229108929634094,-0.013876736164093,-0.0279982425272464,0.0138667644932866,0.0153698977082967,-1.354809612535319,-0.4431243264061704,1.6707352773327009,151.93640279733648
1715350629.520807,-0.8816293478012085,0.4296316802501678,-0.1953105479478836,0.008307933807373,0.0210518836975097,-0.0023671388626098,0.1637525111436844,-0.0008886125870049,0.0243779048323631,-1.3527836623911695,-0.4440848428089726,1.672880835195605,151.83954508898987
1715350629.5808249,-0.8809342980384827,0.4298441708087921,-0.1979614347219467,0.0005174279212951,-0.0460703670978546,-0.003790408372879,-0.0548932068049907,0.0393994189798831,-0.0084997052326798,-1.349750686870418,-0.4443201910880228,1.6783569055678969,151.7552745678705
1715350629.6406531,-0.8808543682098389,0.428637683391571,-0.2009107172489166,-0.011555790901184,-0.0066559314727783,0.0045148283243179,0.1265718340873718,0.0233345683664083,-0.0023495340719819,-1.346546354576252,-0.4429843671390608,1.681693819160068,151.74560846547143
1715350629.700125,-0.8809961080551147,0.4266794919967651,-0.2044264674186706,0.0028377175331115,-0.0093669295310974,0.0065657049417495,0.1820167750120163,0.0082948990166187,-0.0211859829723835,-1.3427911668123,-0.4408180847324741,1.689301799880128,151.76277313009538
1715350629.717825,-0.8816013932228088,0.4244362413883209,-0.2064766138792038,0.0044806003570556,-0.0103432834148406,0.0115913301706314,0.010797057300806,0.0104463342577219,-0.0232640039175748,-1.3407366463662045,-0.4383391761208743,1.692962723068436,151.8361603618609
1715350629.757838,-0.8821617364883423,0.4222362041473388,-0.2085838317871093,0.0090081095695495,0.0067340731620788,-0.0061379075050354,0.1518388390541076,0.0096946563571691,-0.0259245466440916,-1.3386142444411957,-0.4359108027033042,1.6978390768687186,151.9042444234514
1715350629.820205,-0.8827269673347473,0.4199269413948059,-0.2108418494462967,-0.0017333626747131,0.0043131411075592,0.0031696557998657,0.0690735131502151,0.0116235837340354,-0.030530659481883,-1.3363363037925018,-0.4333648095073192,1.7015944787787114,151.97309572089188
1715350629.88173,-0.8831250667572021,0.417635440826416,-0.2137070894241333,-0.0028154850006103,-0.0035271644592285,0.0047226250171661,0.166982501745224,-0.0011902153491973,-0.0199899580329656,-1.3333709432700478,-0.430841391044982,1.7085910162924354,152.02166906121013
1715350629.9401731,-0.8837664723396301,0.4147024154663086,-0.2167453616857528,0.0010761618614196,-0.0052633583545684,0.014215350151062,0.144600361585617,-0.0209585949778556,-0.0288803894072771,-1.3302914714259135,-0.4276157417711456,1.7171255949355495,152.10011271547285
1715350630.000334,-0.8849045038223267,0.4109877049922943,-0.2191645205020904,0.0016495585441589,-0.0010298490524291,0.0179162621498107,0.214667797088623,-0.0376717932522296,-0.0393749289214611,-1.3280115596235442,-0.4235372209441744,1.726284422258416,152.23977388988328
1715350630.016623,-0.8863365650177002,0.4072254002094269,-0.2203968316316604,0.0001977682113647,0.0035564303398132,0.0147082805633544,0.2717977166175842,-0.0751378089189529,-0.044246070086956,-1.3270788363200277,-0.4194141034676707,1.7351726074220877,152.41646201980632
1715350630.059073,-0.8886995315551758,0.4002189934253692,-0.2236911654472351,-0.0029476881027221,0.0164832472801208,0.0427218675613403,0.6545919179916382,-0.2145503014326095,-0.0407272391021251,-1.3242124854269903,-0.4117557990172992,1.758685518698438,152.71029181433758
1715350630.119431,-0.8933523297309875,0.3857901096343994,-0.2304074168205261,0.0016745924949645,0.0752846896648407,0.0917049050331115,2.291980504989624,-0.6921389698982239,0.0690384954214096,-1.318383864174878,-0.3960640802754863,1.8267241003292416,153.29757143454322
1715350630.179919,-0.9036151170730592,0.3449488878250122,-0.2539482116699219,0.0138447880744934,0.103415310382843,0.1237907111644744,5.612246990203857,-1.4475423097610474,0.2434972524642944,-1.2968273613604229,-0.3521843357660627,2.033748686241063,154.63742130785607
1715350630.2405062,-0.9230688810348512,0.2655478119850158,-0.2782586812973022,-0.0175895094871521,-0.0319205224514007,0.2095178067684173,7.4754767417907715,-1.94756543636322,0.2604104578495025,-1.2780102087630894,-0.2687720852766995,2.3790540053002527,157.37895815259176
1715350630.303543,-0.9471864104270936,0.1782046556472778,-0.2666100561618805,-0.0752744078636169,-0.185467854142189,0.1860740780830383,7.082859516143799,-2.01336669921875,0.3470953702926636,-1.2964196405171418,-0.1791616011520288,2.7436905148698765,161.29574219840842
1715350630.319058,-0.968394696712494,0.116596795618534,-0.2204915136098861,-0.129139244556427,-0.0967603772878646,0.2049732506275177,6.258115768432617,-1.9041955471038816,0.6379898190498352,-1.3469252245646437,-0.1168626103392861,3.0841135198140868,165.55668697711997
1715350630.3542,-0.981899082660675,0.1021985784173011,-0.1594661772251129,-0.1068459153175354,-0.239603966474533,0.1788142323493957,4.414698123931885,-1.765397071838379,0.8218393325805664,-1.4097961325598154,-0.1023773256723777,-2.93156752982266,169.08197369851575
1715350630.418268,-0.987298309803009,0.1249146535992622,-0.0981743261218071,-0.1788240075111389,-0.0549378469586372,0.0841208696365356,3.0641932487487797,-1.5421967506408691,1.1341407299041748,-1.4716847837503566,-0.1252418069960752,-2.737926352741493,170.85828574118602
1715350630.511189,-0.9819158911705016,0.1836471557617187,-0.0459868721663951,-0.2010368704795837,0.03162382543087,-0.0136141180992126,2.1058335304260254,-1.307830572128296,1.579367756843567,-1.5239967034883224,-0.1846954352130715,-2.605885224069954,169.08704943551888
1715350630.5178509,-0.9644882678985596,0.2640326023101806,-0.0069885915145277,-0.1840406060218811,0.0190178751945495,-0.0373230576515197,1.2713773250579834,-1.0398234128952026,1.7617195844650269,-1.563550547311763,-0.2672007957789656,-2.5179555354180074,164.68502631592332
1715350630.5683088,-0.9362160563468932,0.350693017244339,0.0226632431149482,-0.1740895509719848,-0.0153354108333587,-0.0829355716705322,0.5141956210136414,-0.8085242509841919,1.8669887781143188,-1.5949988792895406,-0.3583110150933701,-2.471888352930893,159.42552519526984
1715350630.66125,-0.8955032229423523,0.4421481788158417,0.0507796853780746,-0.2374311685562133,0.1226405501365661,-0.0244431532919406,0.3297688364982605,-0.6719052195549011,2.0754334926605225,-1.6274408606259902,-0.45799227523157,-2.45732037012925,153.57316295906244
1715350630.667694,-0.8405451774597168,0.5368897318840027,0.0723376125097274,-0.1373903751373291,0.0130826830863952,-0.0610920265316963,-0.2941666543483734,-0.4471628963947296,2.2010397911071777,-1.6566451459283666,-0.5667460851904527,-2.462694750432136,147.1977556570189
1715350630.7188392,-0.7760050296783447,0.6232201457023621,0.0970166474580764,-0.1310687065124511,0.0566502809524536,-0.1660323292016983,-0.5966888070106506,-0.007313088979572,2.1489596366882324,-1.6951716451665817,-0.6728535865246877,-2.50381025934914,140.8962627314163
1715350630.7826428,-0.7099044322967529,0.6943931579589844,0.1177005916833877,-0.0148573517799377,-0.1688805818557739,-0.3267461061477661,-1.3780335187911987,0.5694029927253723,1.9024986028671265,-1.7350994927329206,-0.7675762582412013,-2.5857378297157303,135.2271520464451
1715350630.8424048,-0.6519127488136292,0.743832528591156,0.1473865956068039,0.1297265291213989,-0.2606477737426758,-0.4065420627593994,-1.403016209602356,0.9043402075767516,1.6075066328048706,-1.7931416424871365,-0.8387864134480023,-2.7181107631493284,130.6859738256245
1715350630.909382,-0.6048148274421692,0.7820644974708557,0.1502460986375808,0.0977196097373962,-0.2939969301223755,-0.2334219217300415,-0.3887069225311279,0.9516684412956238,1.227529525756836,-1.8142842470273912,-0.8979717123850475,-2.808623505501451,127.2155237485925
1715350630.924469,-0.5676200985908508,0.8118078708648682,0.1370224356651306,-0.0690070390701294,-0.3127234578132629,0.1412519216537475,-0.1229350715875625,0.5704658031463623,0.865750789642334,-1.8076628863724653,-0.9472415521558046,-2.84976404064828,124.58443924175654
1715350630.957521,-0.5426987409591675,0.8303965330123901,0.1261724531650543,-0.1069746613502502,-0.0915355086326599,0.1719230413436889,0.1660236567258834,0.2083008289337158,0.5505906939506531,-1.7992290537050404,-0.9798189703172818,-2.862965902765788,122.86754694955793
1715350631.0194402,-0.5194288492202759,0.8466794490814209,0.1154437884688377,-0.0851700901985168,0.0158997774124145,-0.0304372310638427,-0.0001193734351545,0.1629858016967773,0.553589940071106,-1.7894930749419695,-1.0097135336181138,-2.858261762891661,121.29395307442768
1715350631.081085,-0.4986551403999328,0.8588507771492004,0.1171248406171798,0.0354441404342651,-0.0010170340538024,-0.0240921974182128,-0.2702977657318115,0.3920617401599884,0.5026584267616272,-1.8014959410570468,-1.0330218576991896,-2.889171899338016,119.91106734351473
1715350631.17374,-0.4755485951900482,0.8720244765281677,0.1158732026815414,0.092522531747818,0.0112304091453552,-0.1130046844482421,-0.0866191163659095,0.4393012821674347,0.661331832408905,-1.8098011328194048,-1.0593233690225428,-2.922418312989755,118.39507883842187
1715350631.195108,-0.442173570394516,0.8902081847190857,0.1095993518829345,0.0509687662124633,0.0303850769996643,-0.1822007745504379,-0.3182916045188904,0.2054509669542312,0.8397552967071533,-1.8137645711358312,-1.0978019679188338,-2.9507362113598643,116.24264456095145
1715350631.1975431,-0.426117867231369,0.8984721302986145,0.1056952849030494,-0.0352011024951934,-0.5716288685798645,0.3220084905624389,0.1344520896673202,-0.3775455951690674,0.213280439376831,-1.813931671259558,-1.1162769106394954,-2.941683538358021,115.22143996159173
1715350631.259557,-0.4170272946357727,0.9030234217643738,0.1031338348984718,0.0666398406028747,0.1618567705154419,-0.2339627742767334,0.3485031723976135,-0.2466249912977218,0.2536672353744507,-1.8132389455411448,-1.126756191337086,-2.927622219072386,114.64705448151862
1715350631.352968,-0.4105460941791534,0.907643735408783,0.0873763635754585,-0.0368110239505767,-0.1818747520446777,0.1329908370971679,0.1809743791818618,-0.214231252670288,0.0607299618422985,-1.78049706549086,-1.1376358730525105,-2.8793707991059643,114.23914581460491
1715350631.4411712,-0.4100045561790466,0.9086528420448304,0.0790318623185157,-0.0065908432006835,-0.0253521800041198,-0.0358802080154418,0.319545030593872,-0.11039499938488,-0.0212835446000099,-1.7612192973574752,-1.140046373955135,-2.8481883943966726,114.20512412117128
1715350631.459089,-0.4095250070095062,0.9093352556228638,0.073472112417221,0.0183965563774108,0.0772825479507446,0.0794360563158989,0.0653340965509414,-0.0827425941824913,0.0090242940932512,-1.7483159066488965,-1.1416836320460764,-2.8288286180470386,114.17500653971918
1715350631.501535,-0.410215675830841,0.9091758728027344,0.0715713128447532,0.0160963833332061,-0.0055809020996093,-0.0017014667391777,0.0738922655582428,-0.0428198166191577,-0.0118556432425975,-1.743530035006044,-1.1413006777371182,-2.8208087498959458,114.21838237671354
1715350631.526312,-0.4111265242099762,0.9089251756668092,0.0694953948259353,-0.0064606666564941,-0.0089314579963684,-0.009864218533039,0.039178229868412,0.0025993294548243,-0.0375680178403854,-1.7382499232452668,-1.1406990218427862,-2.8137062049296446,114.27562607570353
1715350631.553998,-0.4128806591033935,0.9082009196281432,0.0685614347457885,-0.0193092823028564,0.0133078694343566,0.0310325697064399,0.0191438701003789,-0.0128885498270392,-0.0663275867700576,-1.735351077871343,-1.1389652331758389,-2.8103844989463123,114.38592196865093
1715350631.614798,-0.4178144335746765,0.9058319330215454,0.0699950903654098,-0.0156877040863037,-0.0321595668792724,0.0316435098648071,-0.0745558217167854,0.0239670686423778,-0.1711089015007019,-1.7367817213390797,-1.1333394257020344,-2.8120017405494644,114.69668414074631
1715350631.6819348,-0.4303973615169525,0.8992899656295776,0.0776879042387008,0.0312122702598571,-0.1043987274169921,0.013040654361248,-0.2790853083133697,0.1352737545967102,-0.3799658417701721,-1.7493761755660813,-1.1181432785768994,-2.8296722399418246,115.49278387320992
1715350631.739954,-0.4564598798751831,0.8852338790893555,0.089470088481903,0.0121088027954101,-0.1749374866485595,0.052039735019207,-0.4931433200836181,0.2245285212993621,-0.8787879943847656,-1.76435113408481,-1.08699657992969,-2.8577498012769054,117.15891164477391
1715350631.804218,-0.4958387315273285,0.8627908825874329,0.0986694619059562,0.0224501192569732,-0.0571268796920776,0.0088132619857788,-0.1696630716323852,0.0065509281121194,-0.8279217481613159,-1.7672254201261317,-1.0407642485005515,-2.87250223625175,119.72507544687663
1715350631.8895411,-0.5338655710220337,0.8394016027450562,0.1019411534070968,-0.0361873507499694,-0.1032263040542602,-0.0291569381952285,0.0572267062962055,-0.1890242993831634,-0.946639597415924,-1.759474163008261,-0.9961812887612166,-2.857268186777665,122.26701899111373
1715350631.907288,-0.5757218599319458,0.8107777237892151,0.1057529002428054,-0.0427930951118469,-0.0795612931251525,0.03363598883152,0.033260952681303,-0.2686465680599212,-1.124520778656006,-1.7524587038192965,-0.945479536902739,-2.8355737471215945,125.15020313302853
1715350631.949062,-0.6224811673164368,0.7749661803245544,0.1092905104160308,0.0170583128929138,-0.1166563630104065,-0.0321574285626411,0.0424483940005302,-0.1808738261461258,-1.3540977239608765,-1.7445973314332788,-0.8866615633794802,-2.8119894710085824,128.4975542659772
1715350632.008706,-0.6760109663009644,0.7282963395118713,0.112220212817192,0.0464333891868591,-0.1472722291946411,-0.0907055139541626,-0.1752384305000305,-0.105439655482769,-1.6739729642868042,-1.7352997338172942,-0.8158324686186124,-2.7893202468372302,132.53271311516892
1715350632.022136,-0.7366061806678772,0.6662987470626831,0.1160050258040428,0.0356022715568542,-0.0238274931907653,-0.2240068912506103,0.4191570878028869,0.1085021942853927,-1.6767083406448364,-1.7269992029307806,-0.7292341599542518,-2.782484083491144,137.44311570444134
1715350632.068863,-0.7986829876899719,0.5933178663253784,0.1003936752676963,0.0383987426757812,-0.3556471467018127,-0.1439271122217178,-0.8594098091125488,0.2276496142148971,-2.1158206462860107,-1.6958395423355133,-0.6351743250622616,-2.7507815254111185,143.00453953212556
1715350632.131284,-0.8507524132728577,0.5181407332420349,0.0880359932780265,-0.0508282780647277,0.5249806046485901,-0.097115159034729,0.6294432282447815,0.720249354839325,-2.028094291687012,-1.6739094737369855,-0.544675659719855,-2.745602030906237,148.29360868481186
1715350632.191402,-0.9030879139900208,0.4246343672275543,0.0641700103878974,0.0848812460899353,-0.3247808814048767,-0.0756599903106689,-2.000019073486328,0.9004086852073669,-2.0149590969085693,-1.6417333209347804,-0.4385580001146001,-2.767182242911121,154.56698099748235
1715350632.250528,-0.9437177777290344,0.3257565498352051,0.0572616532444953,-0.1250380873680114,0.2937197089195251,-0.0459398105740547,-2.5811636447906494,1.534437656402588,-1.9570971727371216,-1.6313986988793816,-0.3318118074380463,-2.8836243885885637,160.68562997511106
1715350632.3106508,-0.9730428457260132,0.2297384738922119,0.0201910678297281,-0.0592751502990722,-0.1049521118402481,0.2328605651855468,-5.960043430328369,2.0680384635925293,-1.6583218574523926,-1.5915437900728313,-0.2318089633373482,-3.095297832897032,166.66618473260812
1715350632.326448,-0.9836753010749816,0.1776548773050308,-0.0286656282842159,-0.2197243571281433,0.2832063436508178,0.1242160201072692,-5.880455493927002,2.679440498352051,-0.4870396554470062,-1.54166321960333,-0.1786029112845312,2.866227081907471,169.6329957390551
1715350632.367491,-0.9755483865737916,0.1835938096046447,-0.120824784040451,-0.1900398731231689,0.0638885051012039,0.4254511594772339,-4.5309648513793945,2.6550004482269287,-0.0231026150286197,-1.4475706524379708,-0.1846411614638587,2.610453703857612,167.30361196207494
1715350632.433473,-0.956858217716217,0.2209794074296951,-0.188653215765953,-0.0892536044120788,-0.0439164340496063,0.1220179945230484,-4.398463249206543,1.9910038709640503,0.1145695373415947,-1.3761339807684896,-0.2228185908344894,2.385433161219205,163.10883859714713
1715350632.487784,-0.939375340938568,0.2684928476810455,-0.2132733315229416,-0.1255660653114318,0.2017067372798919,0.0111095607280731,-2.8742997646331787,1.1335705518722534,0.206180453300476,-1.347543502668736,-0.2718280846285124,2.192147046530684,159.9469198924457
1715350632.551646,-0.9272141456604004,0.2979942858219147,-0.2268765568733215,-0.0047772526741027,0.0149329304695129,-0.1610171645879745,-1.5386258363723757,0.6620534062385559,0.1162696555256843,-1.3308250596976436,-0.3025907775873163,2.0910842566137884,158.00465911118553
1715350632.612466,-0.917733907699585,0.321405827999115,-0.23337222635746,-0.0931302309036254,-0.0995125472545623,-0.0694842934608459,-1.2520084381103516,0.563801646232605,0.177536740899086,-1.3217823948741978,-0.3272137170934164,2.0231050965691,156.59702264376307
1715350632.617419,-0.9072307348251344,0.3456284999847412,-0.2397359162569046,-0.0298115015029907,-0.0562607944011688,-0.039820522069931,-1.3086371421813965,0.5742448568344116,0.2280862480401992,-1.3124513166277665,-0.3529084645527247,1.9635573050818655,155.12542312237144
1715350632.670484,-0.8964300751686096,0.3724167346954345,-0.2402472496032714,0.0029823184013366,-0.030055284500122,-0.080767273902893,-1.312845230102539,0.5987850427627563,0.2247322648763656,-1.3089453844169356,-0.3816117045267784,1.8934732971892063,153.69272234727217
1715350632.737207,-0.885258138179779,0.3983058035373688,-0.2401460409164428,-0.0356400609016418,0.039621353149414,0.0716279447078704,-1.163127303123474,0.3945669829845428,0.3734646737575531,-1.3058989844983817,-0.4096690708215317,1.8324966490185044,152.28332614550837
1715350632.790246,-0.8737539649009705,0.4256492853164673,-0.235322505235672,-0.0266517996788024,-0.1017662584781646,-0.0240464806556701,-1.163233757019043,0.4180576503276825,0.2458986192941665,-1.3077150984621293,-0.4396792894423907,1.7768306218311911,150.8978497412571
1715350632.850152,-0.864745020866394,0.4479702711105346,-0.2270209491252899,-0.0217905044555664,-0.1678036749362945,-0.0709069967269897,-1.2220661640167236,0.4256925284862518,0.122648112475872,-1.3140605508511949,-0.4644937701243763,1.7136924308528525,149.8536112834408
1715350632.911532,-0.8581035137176514,0.463915079832077,-0.2200931161642074,-0.0048877000808715,-0.0889608860015869,0.0318605899810791,-0.8867026567459106,0.3612751960754394,0.046682059764862,-1.3197208494516226,-0.4824095347838421,1.6568343350126609,149.1043163168604
1715350632.928264,-0.8537394404411316,0.4745936393737793,-0.2142189145088195,-0.0094044208526611,-0.0386653244495391,0.0670478343963623,-0.6604231595993042,0.2665420472621918,0.0254754833877086,-1.3249534841840394,-0.494502298183018,1.6124143738990544,148.62075616213622
1715350632.964824,-0.8516415357589722,0.4787455797195434,-0.2133286893367767,0.0023069381713867,0.0018452107906341,0.0396225452423095,-0.1215840876102447,0.1118227615952491,0.0167981944978237,-1.3253554356293211,-0.4992253449839487,1.5920881325324585,148.39067419076702
1715350633.030938,-0.8507276773452759,0.4827649593353271,-0.2078470289707183,-0.0075486898422241,-0.0451123714447021,0.0573952496051788,-0.3822915256023407,0.0461851581931114,-0.0356684774160385,-1.3311737064824491,-0.5038092336306154,1.5713236190962614,148.29090518333507
1715350633.120785,-0.8511616587638855,0.4826510846614837,-0.2063289731740951,-0.0152475237846374,-0.0215915441513061,0.0101923942565917,-0.087407074868679,0.0111550008878111,-0.0182455424219369,-1.3329750984512043,-0.5036791831050778,1.5662162050175403,148.33824885463153
1715350633.1388202,-0.8525338768959045,0.4812973737716675,-0.2038097083568573,0.0129650235176086,0.0452833175659179,0.0352000296115875,0.0938551574945449,-0.0264670755714178,-0.0655479431152343,-1.3361370578513532,-0.5021341992725288,1.5592813026568004,148.48836680930987
1715350633.208389,-0.8538455963134766,0.4797117114067077,-0.2020502984523773,0.002603530883789,-0.0052091479301452,0.01075080037117,-0.1264374554157257,-0.0236284136772155,-0.0445185601711273,-1.3384348936164727,-0.5003261280563372,1.556398785268722,148.63243656858563
1715350633.22361,-0.8548915386199951,0.4785571098327636,-0.2003577202558517,-0.0088167786598205,0.0199474394321441,-0.0121667832136154,0.0098741380497813,-0.0609615370631217,0.0149176474660635,-1.3405850348566732,-0.4990107099599356,1.557856747247882,148.74777025956922
1715350633.267717,-0.855272650718689,0.4792972505092621,-0.1969331353902816,0.005922794342041,0.040951132774353,0.0045502185821533,0.1241587325930595,-0.0771891102194786,0.0109658278524875,-1.3444831850573304,-0.4998538087447591,1.55590594683492,148.7898775754104
1715350633.33266,-0.8554269671440125,0.4794429540634155,-0.1959057748317718,-0.0147511363029479,-0.0487331449985504,-0.0164050459861755,-0.0910162851214408,-0.0295962896198034,-0.0089452965185046,-1.3456634574243596,-0.5000198290391185,1.5606654305999408,148.80694035198945
1715350633.39035,-0.8557448387145996,0.4793329536914825,-0.1947833448648452,-0.0097945928573608,0.0030583441257476,-0.0177564024925231,0.0696989893913269,-0.0362474024295806,0.0098575521260499,-1.346990974743341,-0.4998945113174276,1.5615324690137615,148.8421256079579
1715350633.4515228,-0.8559669852256775,0.4790449738502502,-0.194515511393547,0.0082497596740722,-0.00068199634552,-0.0084875226020812,0.0717120692133903,-0.0104927700012922,-0.0060240305028855,-1.3473446594087526,-0.4995664098003127,1.5626449656641412,148.8667349543612
1715350633.514478,-0.85615074634552,0.4777924418449402,-0.1967740505933761,-0.0081374645233154,-0.0086305439472198,-0.0054049342870712,0.0362174957990646,-0.008679024875164,0.0047409548424184,-1.344883932377599,-0.498140045698434,1.5685003360909635,148.88710984703653
1715350633.5194669,-0.8561433553695679,0.4772356748580932,-0.1981529146432876,0.0060305595397949,-0.0001849234104156,-0.0131966471672058,0.1488759666681289,-0.0101667987182736,-0.0042586210183799,-1.3433528444507117,-0.4975063562633241,1.573119243578995,148.88628240411032
1715350633.569711,-0.8566327691078186,0.4754910171031952,-0.2002210617065429,-0.0044053196907043,-0.0014615058898925,0.0113629698753356,0.0395341962575912,-0.0032379203476011,-0.0183737743645906,-1.34118791663819,-0.4955220860262292,1.5777169231331476,148.94059251885312
1715350633.636271,-0.8572221994400024,0.4737590551376343,-0.201797753572464,0.0054309368133544,0.0018573701381683,0.0048830509185791,0.115350067615509,-0.0015558674931526,-0.0288418624550104,-1.3395968823488418,-0.4935543695136545,1.5811958499779624,149.0061137579383
1715350633.722206,-0.8579248785972595,0.4720411300659179,-0.2028347551822662,-0.0032352805137634,0.0098924040794372,0.0159602761268615,0.0519170314073562,-0.020514378324151,-0.0103723956272006,-1.3386345252549572,-0.4916046660432842,1.5849123783878996,149.08438725572265
1715350633.780379,-0.8585602045059204,0.4707426428794861,-0.203163594007492,0.0016725659370422,0.0194458961486816,0.026832953095436,0.0991989523172378,-0.0526309013366699,-0.0079068858176469,-1.3384374850264034,-0.4901323278918667,1.5890708481691682,149.155319154123
1715350633.7856112,-0.8588887453079224,0.4700479507446289,-0.2033832520246505,-0.0002266764640808,0.0185536444187164,0.0215289145708084,0.3081680238246918,-0.1230859011411666,0.0476566851139068,-1.338281010031942,-0.4893451162681897,1.598530526023678,149.19205372527676
1715350633.839724,-0.8599541187286377,0.465808093547821,-0.2085700929164886,-0.0073858499526977,0.0143859684467315,0.0377326607704162,1.299543023109436,-0.3882801532745361,0.0471710562705993,-1.332854557844876,-0.4845476044718212,1.6352750081685958,149.3114438032147
1715350633.90257,-0.8657683730125427,0.4392760396003723,-0.2397530227899551,0.0025482773780822,0.0821777880191803,0.0782997012138366,4.49950647354126,-1.1098041534423828,0.231841430068016,-1.3006412218091936,-0.4547926363467563,1.7866994464374424,149.9705681358245
1715350633.959978,-0.8783173561096191,0.375961035490036,-0.2953164577484131,-0.0234769582748413,0.0030977725982666,0.2007728815078735,6.980125904083252,-1.888858437538147,0.464729756116867,-1.2464412395943243,-0.3854336872774396,2.1033690667027263,151.44005437263797
1715350633.975198,-0.9036232829093932,0.2810894250869751,-0.3231925964355469,-0.0861226320266723,-0.0121075212955474,0.2083549201488495,7.999025344848633,-2.3973445892333984,0.727222740650177,-1.2273111797970384,-0.2849291016252506,2.494547568566178,154.63851072943476
1715350634.018045,-0.9312953352928162,0.1939123123884201,-0.3083615005016327,-0.1201876401901245,-0.1491582989692688,0.3538326025009155,7.542935848236084,-2.386519193649292,1.0436055660247805,-1.251047824159288,-0.1951485937188424,2.8960170217092083,158.63765729629347
1715350634.079238,-0.95497465133667,0.154070645570755,-0.2535462975502014,-0.19425630569458,-0.1114528179168701,0.3227600157260895,5.739028930664063,-2.1407134532928467,1.2047547101974487,-1.3112829375086723,-0.1546867990865002,-3.0434306379141254,162.74124413775843
1715350634.140151,-0.9689016938209534,0.1578550040721893,-0.1905545443296432,-0.0259253978729248,-0.2580900192260742,0.2366054803133011,3.173038482666016,-2.099582433700561,0.9988305568695068,-1.3766040836407407,-0.1585180418862221,-2.805589768464074,165.67360128566713
1715350634.262979,-0.9757267832756042,0.1860604137182235,-0.1154936403036117,-0.1810420155525207,0.0161185562610626,0.0646359771490097,1.7483803033828735,-1.7156139612197876,0.991993010044098,-1.4529777390950864,-0.1871510067990372,-2.687430868053577,167.3501967277273
1715350634.320122,-0.9696321487426758,0.2386335879564285,-0.0535471439361572,-0.1903256177902221,0.0195145905017852,-0.0202292203903198,1.30825936794281,-1.5417098999023438,1.451618194580078,-1.5156281782868772,-0.2409585441966607,-2.60397731917388,165.8437198258594
1715350634.336051,-0.948874533176422,0.3156477510929107,-0.0018418115796521,-0.2735984921455383,0.1235001683235168,-0.1009262800216674,0.8253408074378967,-1.157890558242798,1.7979228496551514,-1.5688552806326663,-0.3211392218601241,-2.551233199676038,161.59975103216527
1715350634.3471088,-0.911357045173645,0.4098839461803436,0.0377245731651783,-0.2352339625358581,0.0612615942955017,-0.0334217585623264,0.3291082084178924,-1.0811259746551514,2.2167553901672363,-1.612166554092025,-0.4223268352999841,-2.521353596567095,155.6935857078487
1715350634.378188,-0.8557611107826233,0.5122155547142029,0.0728533789515495,-0.2279025912284851,0.0732640027999877,-0.1006550937891006,0.2003706097602844,-0.6877850890159607,2.3665246963500977,-1.6557243972006743,-0.5377624629957775,-2.5178641271318343,148.8439462127708
1715350634.470814,-0.7866227030754089,0.6099982261657715,0.0955333337187767,-0.169019877910614,0.0321220755577087,-0.2334729433059692,-0.1343864202499389,-0.3333896100521087,2.394026279449463,-1.6916519267414951,-0.6560583752123275,-2.53276752551581,141.87101834706556
1715350634.497654,-0.7147870659828186,0.6911877393722534,0.1064820513129234,-0.0845749378204345,-0.1890516281127929,-0.3575656414031982,-0.7601970434188843,0.4809489846229553,2.003135919570923,-1.718679090854919,-0.763131281124505,-2.5802303623350378,135.62576674209225
1715350634.525322,-0.6509849429130554,0.7498533725738525,0.1180605143308639,0.0095207691192626,-0.1679595708847046,-0.4230533838272095,-0.9217497706413268,1.0170986652374268,1.6876206398010254,-1.7502031192298153,-0.8478404699781206,-2.675705387709633,130.61590943739893
1715350634.554952,-0.6014139652252197,0.7915043830871582,0.1087276265025138,0.0211375951766967,-0.3957525491714477,-0.1542752981185913,-0.6800260543823242,1.1808515787124634,1.2969934940338137,-1.7496511326023882,-0.9132666267694504,-2.751194499241569,126.97124041103214
1715350634.619371,-0.5626140832901001,0.8211049437522888,0.0961861759424209,-0.0684587955474853,-0.3340903520584106,0.063634268939495,-0.0971082672476768,0.7594631910324097,0.8202574253082275,-1.7401222549342972,-0.963344220958596,-2.800046922460956,124.23677803589428
1715350634.7121649,-0.5378865599632263,0.8387117385864258,0.0850890651345253,0.0284262299537658,-0.1697056293487548,0.0990538522601127,0.0510299988090992,0.3355076611042022,0.4368389248847961,-1.7276877139472653,-0.9949133170279711,-2.815690942375192,122.53989288155617
1715350634.803794,-0.524900496006012,0.8481693863868713,0.0713300108909607,0.070417582988739,-0.0853215456008911,0.0381211042404174,0.0841665416955947,0.30968177318573,0.3458772003650665,-1.7058614091363309,-1.012519871257601,-2.807842624936686,121.66154830698898
1715350634.820003,-0.5101240277290344,0.8579713106155396,0.0604845806956291,0.0900343656539917,0.0720975399017334,0.0012217760086059,0.0702388137578964,0.3440376222133636,0.4555433094501495,-1.6888137191581274,-1.0313073939760289,-2.8059138998091195,120.6720969905251
1715350634.890925,-0.4880136251449585,0.8710698485374451,0.0554992966353893,0.1679757833480835,0.0078669786453247,0.0359159782528877,-0.1460223793983459,0.1270192861557006,0.4868885576725006,-1.684034703969172,-1.057376319558846,-2.82201495171484,119.21010390526271
1715350634.9060469,-0.4754230082035064,0.8780350089073181,0.0550211705267429,-0.0243480503559112,-0.3999620079994201,0.1682300567626953,-0.0501684620976448,-0.1803738176822662,0.1912076771259308,-1.6860147337269518,-1.0717408772707002,-2.8241860997736787,118.38689805514689
1715350634.9478688,-0.4712207019329071,0.8803267478942871,0.054552000015974,0.0020587146282196,0.0475754737854003,-0.1724263429641723,0.0174693409353494,0.0223400108516216,0.1156040430068969,-1.6860506790823264,-1.0765505805069735,-2.819906642702509,118.11356332909301
1715350635.00833,-0.466675341129303,0.8830524682998657,0.0493195727467536,-0.024321973323822,-0.1274372339248657,0.0603604391217231,0.0917104184627533,-0.0536295883357524,0.033123817294836,-1.67608832261415,-1.082327563293709,-2.807357975100336,117.81870190373704
1715350635.021906,-0.4669686257839203,0.8831068873405457,0.0454097017645835,0.0190622806549072,0.0228834748268127,0.0265048667788505,0.1394057273864746,-0.0324077904224395,-0.0194037966430187,-1.6677351137796412,-1.0824435069567615,-2.796429311452978,117.83771007557174
1715350635.066394,-0.4682125747203827,0.8825980424880981,0.0423980765044689,-0.0073122978210449,-0.0138694047927856,0.0459501780569553,-0.0337450467050075,0.0199255887418985,-0.0052779908291995,-1.6611030808212697,-1.0813600761489404,-2.789701951310465,117.9183345807418
1715350635.131705,-0.4687345325946808,0.8823884129524231,0.0409677922725677,-0.023208737373352,-0.0074800848960876,-0.0260295905172824,0.0432881563901901,0.0173375289887189,-0.0068565346300601,-1.657975633524914,-1.0809143639293946,-2.78530717552022,117.9521876740072
1715350635.190086,-0.4701246321201324,0.8817976117134094,0.0376285389065742,-0.0024706423282623,-0.0141369700431823,0.0560908392071723,0.0573427528142929,0.0347792357206344,-0.017537185922265,-1.6506655574528044,-1.0796602880563249,-2.779399463109251,118.04238538109594
1715350635.280737,-0.4711890816688537,0.8813534379005432,0.0345963984727859,-0.0053581595420837,-0.0121365189552307,0.0104168690741062,0.0478995516896247,0.0549131333827972,-0.0499297901988029,-1.6440884076967903,-1.078719232582526,-2.7734917742794227,118.11151097341352
1715350635.311084,-0.4724375009536743,0.8807375431060791,0.0332289673388004,0.0020090341567993,-0.0012362003326416,0.0160872973501682,0.0272683091461658,-0.0111769353970885,-0.0152430944144725,-1.641015849254352,-1.077417300549074,-2.771037785834687,118.19263704057362
1715350635.314138,-0.4746523797512054,0.8796064257621765,0.0315800048410892,-0.0096462368965148,-0.0361160039901733,0.0142267905175685,0.054280087351799,-0.0066852490417659,-0.0823817402124404,-1.6372313320940846,-1.0750342116446754,-2.766268862924188,118.33672444571813
1715350635.36954,-0.4812109768390655,0.87604159116745,0.031416118144989,-0.0120140314102172,-0.076404869556427,0.0513626337051391,-0.04647658765316,0.0241241939365863,-0.2197002172470092,-1.635989351000735,-1.0675915296647491,-2.7648294245264267,118.76452514402867
1715350635.4362268,-0.4997009932994842,0.8655255436897278,0.0341218523681163,-2.4259090423583984e-05,-0.2003797888755798,0.001354694366455,-0.0409375429153442,0.0669227913022041,-0.5661249756813049,-1.638975028565289,-1.0461987101858088,-2.77059614916047,119.98022232096817
1715350635.490202,-0.5349069833755493,0.8443790078163147,0.0299786385148763,-0.0454763174057006,-0.2424349784851074,0.0149736441671848,0.060249026864767,0.015656542032957,-1.0930163860321045,-1.6267823419661842,-1.0054049520820256,-2.7596875206047216,122.33760150808553
1715350635.551029,-0.5885982513427734,0.8078300952911377,0.0310202240943908,-0.0281313061714172,-0.2074884176254272,0.0507972240447998,0.2068862468004226,-0.2463621497154235,-1.5268865823745728,-1.6234494740459269,-0.9404612950077978,-2.748266458314513,126.05760679326806
1715350635.616401,-0.6575035452842712,0.752680778503418,0.0340671725571155,-0.0311102867126464,-0.3755445480346679,-0.0336095057427883,0.0105333374813199,-0.4577272832393646,-1.9213886260986328,-1.6225629482770307,-0.85212443319844,-2.725071937339167,131.10975976980365
1715350635.6323628,-0.726565420627594,0.6860483884811401,0.0379491709172725,0.0315276384353637,0.05085951089859,-0.1727912425994873,0.4257896840572357,-0.3658621907234192,-2.0606882572174072,-1.622979813083703,-0.7560436864356963,-2.696198791442949,136.59923343106624
1715350635.6683311,-0.7957673668861389,0.6038532853126526,0.0459908805787563,0.0357882976531982,0.0472238659858703,-0.2408000230789184,0.1409187018871307,0.2746769189834595,-1.9814163446426392,-1.6285264867280949,-0.6483264714880935,-2.700416538481873,142.72780861444522
1715350635.765526,-0.8563327789306641,0.5158867239952087,0.023556089028716,0.1565495729446411,-0.289034366607666,-0.3718228340148926,-1.0964900255203247,0.7556424736976624,-2.297198534011841,-1.5982974927689362,-0.5420424033005647,-2.691814486900229,148.9072959203136
1715350635.784518,-0.9041039943695068,0.427192747592926,0.0101128406822681,-0.0007268786430358,0.7452162504196167,-0.0215570926666259,-0.0965079963207244,1.02985417842865,-1.8940719366073608,-1.581981344360282,-0.441385678724569,-2.7446393634074857,154.70287852682577
1715350635.816247,-0.9412565231323242,0.3355026841163635,-0.0383903421461582,0.0738860964775085,-0.3329392373561859,-0.1152200102806091,-2.7392494678497314,1.648164987564087,-1.9061493873596191,-1.5300326510879263,-0.3421387802661232,-2.803111885835805,160.2636781354207
1715350635.881113,-0.9614209532737732,0.2675665020942688,-0.0638557821512222,-0.0728501081466674,0.3720971345901489,0.106061466038227,-4.186735153198242,1.948048710823059,-1.381855845451355,-1.5044756029974222,-0.2708665712124112,-3.002723414258408,164.0331733997556
1715350635.9420428,-0.9658819437026978,0.2327548116445541,-0.1135644689202308,-0.1551810503005981,0.0679959058761596,0.1151207834482193,-5.332610607147217,2.353172779083252,-0.9286777973175048,-1.453757737725737,-0.2349093321679467,3.031486649550588,164.9903292005546
1715350636.0047631,-0.9568153619766236,0.2410363256931305,-0.1624980568885803,-0.3833334445953369,0.1732702851295471,0.2106394171714782,-4.994161128997803,2.3314085006713867,-0.2543510496616363,-1.402569266073845,-0.2434335226413741,2.7594566964869585,163.10037251339128
1715350636.060903,-0.937082588672638,0.2822389602661133,-0.2054681628942489,-0.08139568567276,-0.0531740486621856,0.1119164228439331,-4.127270221710205,1.7828483581542969,0.1129708439111709,-1.3549484746469376,-0.2861271685231192,2.527044136381713,159.56726641628842
1715350636.120889,-0.9205308556556702,0.3242281377315521,-0.2179421931505203,-0.1433117389678955,-0.0325259268283844,-0.0268241018056869,-2.8984720706939697,1.217631220817566,0.0434590987861156,-1.338319903061528,-0.3301956769898381,2.346484011854401,157.0038306719935
1715350636.136548,-0.909821391105652,0.3494787812232971,-0.2238062024116516,-0.1648091077804565,0.0243767499923706,-0.077173501253128,-2.1460299491882324,0.9559795260429382,-0.0763748958706855,-1.3295961237034062,-0.3570147412144522,2.2222559357840903,155.4807059815063
1715350636.175158,-0.9009800553321838,0.3702444732189178,-0.2261720150709152,-0.0095880031585693,-0.1643576920032501,-0.0859923809766769,-2.1886239051818848,0.8955673575401306,-0.1259510517120361,-1.324849540027615,-0.3792721834269256,2.104631558630561,154.2872029385704
1715350636.240429,-0.893342137336731,0.3879672586917877,-0.2267624288797378,-0.1054981350898742,-0.0688754916191101,-0.0248245596885681,-2.048957109451294,0.8095620274543762,-0.0852668732404708,-1.3222105327498077,-0.3984250737776227,1.9963367908458252,153.29627210651088
1715350636.301921,-0.8853904604911804,0.4076263308525085,-0.2234379798173904,-0.0346534848213195,-0.0436431467533111,-0.0670894682407379,-1.6765851974487305,0.7353405356407166,-0.0232137143611907,-1.3235968305308077,-0.4198531027416428,1.8970489363986087,152.299608549345
1715350636.3613,-0.878148078918457,0.4244365692138672,-0.2207024842500686,-0.0208997726440429,0.0136890709400177,-0.0292671024799346,-1.3523682355880735,0.6165286898612976,0.0602542757987976,-1.3245689263265863,-0.4383395439032767,1.8165695266365196,151.41976597728853
1715350636.419912,-0.8703826665878296,0.4434706270694732,-0.2139334678649902,-0.0105833411216735,-0.0331161022186279,0.0429738909006118,-1.3659322261810305,0.4842458665370941,0.0933893695473671,-1.3297816375928206,-0.4594672147416322,1.7385469493184558,150.50315289526435
1715350636.445955,-0.8635315299034119,0.460532397031784,-0.2054828256368637,-0.0283445715904235,-0.0935280323028564,-0.0008313655853271,-1.171116828918457,0.4340161085128784,0.0554069727659225,-1.337184567842552,-0.4785948847515078,1.6729801927919437,149.7154466193931
1715350636.508977,-0.8591585755348206,0.4710040688514709,-0.2000035643577575,-0.0037105083465576,-0.0171772539615631,0.0140293985605239,-0.5679166913032532,0.299591600894928,0.0487616285681724,-1.3420796870738576,-0.4904286725108243,1.6240432919156604,149.22225230529358
1715350636.5681949,-0.8562235236167908,0.4764303267002105,-0.1997381746768951,-0.0082325935363769,-0.0228781402111053,0.0511327385902404,-0.279230922460556,0.1690571457147598,0.0015448951162397,-1.3416168033625964,-0.4965901420550558,1.599890766374328,148.89517233304142
1715350636.58308,-0.8552089333534241,0.4786916375160217,-0.198674738407135,0.0148007869720458,-0.0195852816104888,0.0708670765161514,-0.1763862818479538,0.0807497948408126,-0.0261724404990673,-1.3425338310794226,-0.499163924204186,1.5838477975535,148.7828408075706
1715350636.629127,-0.85491544008255,0.4792169034481048,-0.1986717581748962,-0.0097541809082031,-0.0379480719566345,0.0363792330026626,-0.2286831736564636,0.0694390758872032,-0.0336014181375503,-1.3424614798698389,-0.4997622810347445,1.5765672144257448,148.75040755062744
1715350636.6890469,-0.8554084300994873,0.4782374203205108,-0.1989104002714157,-1.4543533325195312e-05,0.0259130001068115,0.0239225327968597,0.0717020481824874,-0.0134929530322551,-0.0103435441851615,-1.3423238693025337,-0.4986466404904404,1.5743470762175416,148.8048876102756
1715350636.7517629,-0.8559262156486511,0.4777900278568268,-0.1977549493312835,0.0118100047111511,0.0172661244869232,0.0128794014453887,0.0108856400474905,-0.0267778672277927,-0.0055893580429255,-1.343738461891055,-0.4981372948649421,1.57469113243457,148.86220939421872
1715350636.809743,-0.8560448884963989,0.4778642654418945,-0.1970597356557846,-0.0005375742912292,0.0111340582370758,0.0080033093690872,0.0169893391430377,-0.0341907739639282,0.0227205753326416,-1.344539995934635,-0.4982217985179468,1.577440876354386,148.8753787312986
1715350636.87009,-0.8557307720184326,0.4792683124542236,-0.1950036436319351,0.0123471617698669,0.0492197573184967,0.0148735791444778,0.1276185363531112,-0.0562804974615573,0.0293211787939071,-1.3467426704929089,-0.4998208542816511,1.5767580084777104,148.84057599339368
1715350636.885542,-0.8549602031707764,0.4811471700668335,-0.1937537044286728,-0.0030567646026611,-0.0164102017879486,0.008664458990097,-0.0543616712093353,-0.0323950052261352,0.0390152148902416,-1.3479375663029174,-0.5019628290426721,1.5800052471027497,148.75533629630755
1715350636.927213,-0.853752076625824,0.4829944670200348,-0.1944828629493713,-0.0097579360008239,0.0027385354042053,-0.0081387162208557,0.1814534217119217,-0.068122774362564,0.0806022956967353,-1.3468204755150397,-0.5040712958266399,1.587099842402869,148.62214899875784
1715350637.02053,-0.8528485298156738,0.4841763973236084,-0.1955049186944961,0.0006911754608154,-0.005401462316513,0.0070588290691375,0.1420172303915023,-0.053488839417696,0.0441706515848636,-1.3454521934448394,-0.5054216221117193,1.5958468350398407,148.52287627041537
